{"type":"FeatureCollection","features":[{"type":"Feature","geometry":{"type":"MultiPolygon","coordinates":[[[[6.7405,53.3122],[6.7479,53.3118],[6.7448,53.3078],[6.7531,53.2988],[6.7607,53.2952],[6.7646,53.2981],[6.7722,53.2919],[6.7691,53.2866],[6.7725,53.2831],[6.6983,53.2561],[6.7177,53.2419],[6.7071,53.2343],[6.7082,53.2262],[6.6982,53.2147],[6.6805,53.2117],[6.683,53.201],[6.6669,53.202],[6.6398,53.1903],[6.6468,53.1879],[6.6395,53.186],[6.6572,53.1808],[6.6616,53.172],[6.6887,53.1546],[6.6863,53.1478],[6.6954,53.1212],[6.6348,53.1062],[6.6358,53.1134],[6.6281,53.1159],[6.6306,53.1194],[6.6144,53.1356],[6.6005,53.1443],[6.5878,53.1459],[6.5815,53.1635],[6.5637,53.1576],[6.5482,53.1811],[6.5417,53.1786],[6.5342,53.1841],[6.5305,53.1956],[6.4944,53.1982],[6.4857,53.2038],[6.4627,53.202],[6.4809,53.2502],[6.4958,53.2458],[6.5114,53.2541],[6.5082,53.2576],[6.5297,53.2582],[6.5393,53.2604],[6.5379,53.2641],[6.5503,53.2649],[6.5885,53.2625],[6.5863,53.2559],[6.6064,53.2514],[6.636,53.2514],[6.6259,53.2661],[6.6541,53.3086],[6.6897,53.2975],[6.709,53.3101],[6.7294,53.3054],[6.7329,53.3114],[6.7405,53.3122]]]]},"properties":{}},{"type":"Feature","geometry":{"type":"MultiPolygon","coordinates":[[[[5.268,52.4274],[5.3508,52.4002],[5.3012,52.382],[5.3792,52.3141],[5.3505,52.3092],[5.3335,52.3143],[5.3139,52.3031],[5.2852,52.3171],[5.2209,52.3338],[5.2164,52.3294],[5.1952,52.3365],[5.1487,52.3284],[5.1448,52.324],[5.1383,52.3259],[5.137,52.3293],[5.1449,52.3314],[5.1355,52.3392],[5.1309,52.3377],[5.1346,52.3414],[5.1297,52.3399],[5.1342,52.348],[5.1312,52.3655],[5.1227,52.3748],[5.1243,52.3805],[5.1568,52.3931],[5.1616,52.3998],[5.2271,52.4236],[5.2083,52.4164],[5.224,52.4178],[5.2333,52.4256],[5.2299,52.4247],[5.2584,52.4354],[5.268,52.4274]]]]},"properties":{}},{"type":"Feature","geometry":{"type":"MultiPolygon","coordinates":[[[[7.0101,53.0737],[7.0336,53.0647],[7.0659,53.0673],[7.0769,53.0637],[7.0802,53.0592],[7.0766,53.0512],[7.0683,53.0508],[7.068,53.0435],[7.0861,53.0423],[7.0804,53.0298],[7.1,53.0164],[7.0721,53.0038],[7.0699,52.9532],[7.0647,52.9512],[7.0634,52.931],[7.0363,52.9293],[7.0269,52.919],[6.9366,52.9928],[6.8613,53.0409],[6.8814,53.0466],[6.8989,53.0324],[6.9077,53.0389],[6.9359,53.0196],[6.9558,53.0139],[7.0101,53.0737]]]]},"properties":{}},{"type":"Feature","geometry":{"type":"MultiPolygon","coordinates":[[[[6.8996,53.1281],[6.9593,53.1202],[6.9606,53.0958],[6.9296,53.0734],[6.9244,53.0578],[6.9333,53.0496],[6.9055,53.0436],[6.9077,53.0389],[6.8989,53.0324],[6.8814,53.0466],[6.8613,53.0409],[6.8139,53.071],[6.8032,53.1241],[6.8212,53.1288],[6.8741,53.1235],[6.8996,53.1281]]]]},"properties":{}},{"type":"Feature","geometry":{"type":"MultiPolygon","coordinates":[[[[5.6162,52.3687],[5.6157,52.3684],[5.6163,52.3693],[5.6147,52.3706],[5.6152,52.3708],[5.6164,52.3695],[5.6162,52.3687]]],[[[5.509,52.3977],[5.5327,52.3845],[5.5832,52.4114],[5.623,52.4088],[5.6119,52.3747],[5.6154,52.3698],[5.6101,52.3665],[5.6151,52.3677],[5.6111,52.3644],[5.6153,52.3626],[5.5638,52.3676],[5.5383,52.3501],[5.5415,52.3378],[5.5528,52.3342],[5.5484,52.3273],[5.5525,52.3198],[5.5261,52.2734],[5.4016,52.2533],[5.3172,52.3036],[5.3335,52.3143],[5.3505,52.3092],[5.3792,52.3141],[5.3012,52.382],[5.3464,52.3961],[5.4386,52.4426],[5.509,52.3977]]]]},"properties":{}},{"type":"Feature","geometry":{"type":"MultiPolygon","coordinates":[[[[6.2189,53.2599],[6.2351,53.2534],[6.2303,53.2504],[6.2311,53.2451],[6.218,53.2419],[6.225,53.2386],[6.2148,53.2356],[6.2246,53.2301],[6.23,53.2178],[6.2192,53.2061],[6.1996,53.1984],[6.1773,53.167],[6.1768,53.1595],[6.152,53.1508],[6.1481,53.1578],[6.1216,53.145],[6.1193,53.1494],[6.105,53.1518],[6.1146,53.176],[6.0853,53.1942],[6.0792,53.2068],[6.084,53.2085],[6.0793,53.2108],[6.0863,53.215],[6.0274,53.2302],[6.0198,53.2409],[6.1411,53.2644],[6.145,53.2602],[6.1641,53.264],[6.1811,53.2598],[6.1904,53.2634],[6.1856,53.2678],[6.1892,53.2699],[6.2171,53.2653],[6.2189,53.2599]]]]},"properties":{}},{"type":"Feature","geometry":{"type":"MultiPolygon","coordinates":[[[[5.7311,53.4616],[5.9306,53.4683],[5.9595,53.4628],[5.805,53.4375],[5.7769,53.4383],[5.7732,53.4327],[5.7725,53.4395],[5.73,53.443],[5.7033,53.4298],[5.6804,53.4247],[5.6431,53.4271],[5.627,53.4324],[5.6135,53.4464],[5.6157,53.4534],[5.6602,53.4715],[5.6949,53.4617],[5.7311,53.4616]]]]},"properties":{}},{"type":"Feature","geometry":{"type":"MultiPolygon","coordinates":[[[[5.4562,53.203],[5.4896,53.2007],[5.4902,53.1941],[5.4794,53.1767],[5.4964,53.1778],[5.486,53.1697],[5.4767,53.1503],[5.4683,53.1433],[5.4355,53.1535],[5.4116,53.1519],[5.415,53.1689],[5.403,53.176],[5.4151,53.1694],[5.4094,53.1746],[5.439,53.1938],[5.4355,53.1953],[5.4275,53.1855],[5.406,53.1755],[5.422,53.185],[5.438,53.2098],[5.4562,53.203]]]]},"properties":{}},{"type":"Feature","geometry":{"type":"MultiPolygon","coordinates":[[[[5.8721,53.084],[5.8715,53.0742],[5.897,53.079],[5.9334,53.0781],[5.936,53.0738],[5.9304,53.071],[5.9473,53.0625],[5.9426,53.0535],[5.9576,53.0535],[5.938,53.0443],[5.9839,53.0266],[5.9771,53.0102],[5.972,53.0097],[5.9796,52.9978],[5.9581,52.9729],[6.0269,52.9644],[6.0443,52.9662],[6.0925,52.9842],[6.0997,52.9895],[6.0965,52.9929],[6.1316,53.012],[6.1765,53.0209],[6.2054,53.0379],[6.2022,52.9903],[6.1586,52.9758],[6.1279,52.9534],[6.0925,52.9421],[6.0787,52.9317],[6.0426,52.9179],[6.0022,52.934],[5.9788,52.927],[5.9546,52.926],[5.9378,52.9117],[5.8974,52.9631],[5.891,52.9617],[5.8876,52.967],[5.871,52.9644],[5.8672,52.9786],[5.8873,52.9815],[5.8661,52.9998],[5.8576,53.017],[5.7958,53.053],[5.7964,53.0588],[5.8193,53.0759],[5.8721,53.084]]]]},"properties":{}},{"type":"Feature","geometry":{"type":"MultiPolygon","coordinates":[[[[5.7369,53.2946],[5.7633,53.2945],[5.811,53.2808],[5.812,53.2767],[5.8386,53.275],[5.8297,53.2576],[5.8322,53.2429],[5.8592,53.2433],[5.8526,53.2305],[5.8799,53.2332],[5.8807,53.225],[5.8969,53.223],[5.889,53.218],[5.9059,53.215],[5.9071,53.211],[5.8577,53.2041],[5.8621,53.1936],[5.851,53.1917],[5.8619,53.1715],[5.9328,53.1703],[5.9319,53.1611],[5.9086,53.1448],[5.9234,53.1309],[5.9435,53.1216],[5.9497,53.1049],[5.9304,53.1099],[5.882,53.1069],[5.886,53.0944],[5.8782,53.091],[5.8831,53.089],[5.8772,53.0854],[5.8193,53.0759],[5.7698,53.0458],[5.7618,53.0608],[5.7751,53.0666],[5.7736,53.0741],[5.7643,53.0803],[5.7726,53.0818],[5.7714,53.0891],[5.7882,53.0966],[5.7574,53.1127],[5.7546,53.1247],[5.7333,53.1202],[5.7244,53.1234],[5.7006,53.1158],[5.6939,53.1229],[5.6956,53.1268],[5.686,53.1299],[5.6566,53.1124],[5.6373,53.1241],[5.632,53.133],[5.6541,53.1416],[5.6492,53.1469],[5.652,53.1487],[5.6633,53.1498],[5.6619,53.155],[5.6569,53.1544],[5.6603,53.1643],[5.6528,53.1663],[5.6658,53.1753],[5.6859,53.1817],[5.6993,53.1737],[5.7132,53.1752],[5.7249,53.1661],[5.7378,53.1725],[5.7454,53.1852],[5.7403,53.1854],[5.7446,53.1978],[5.7347,53.2112],[5.7471,53.2151],[5.7342,53.2158],[5.7326,53.2303],[5.7381,53.2313],[5.7298,53.2353],[5.7439,53.2411],[5.7336,53.2485],[5.736,53.2515],[5.7298,53.2612],[5.7354,53.2647],[5.7201,53.2749],[5.7255,53.2891],[5.7369,53.2946]]]]},"properties":{}},{"type":"Feature","geometry":{"type":"MultiPolygon","coordinates":[[[[6.3632,53.0393],[6.3625,53.034],[6.4276,52.9718],[6.3934,52.9328],[6.3333,52.9064],[6.303,52.925],[6.2136,52.9258],[6.2006,52.943],[6.1447,52.9281],[6.1105,52.9132],[6.0848,52.9363],[6.1279,52.9534],[6.1586,52.9758],[6.2009,52.9885],[6.2054,53.0379],[6.2129,53.0362],[6.2805,53.0582],[6.2814,53.0642],[6.3321,53.0753],[6.3678,53.0674],[6.3632,53.0393]]]]},"properties":{}},{"type":"Feature","geometry":{"type":"MultiPolygon","coordinates":[[[[6.226,53.1143],[6.2741,53.1112],[6.2906,53.0998],[6.3152,53.0941],[6.3053,53.0812],[6.3321,53.0753],[6.2814,53.0642],[6.2805,53.0582],[6.2129,53.0362],[6.2004,53.0368],[6.1765,53.0209],[6.1316,53.012],[6.0965,52.9929],[6.0997,52.9895],[6.0925,52.9842],[6.0443,52.9662],[6.0269,52.9644],[5.9581,52.9729],[5.9796,52.9978],[5.972,53.0097],[5.9771,53.0102],[5.9845,53.0253],[5.938,53.0443],[5.9576,53.0535],[5.9426,53.0535],[5.9473,53.0625],[5.9304,53.071],[5.936,53.0738],[5.9276,53.0784],[5.9303,53.081],[5.9809,53.0776],[6.0025,53.0807],[6.0244,53.0734],[6.0886,53.0709],[6.1036,53.077],[6.125,53.1012],[6.1857,53.1292],[6.2056,53.1155],[6.226,53.1143]]]]},"properties":{}},{"type":"Feature","geometry":{"type":"MultiPolygon","coordinates":[[[[6.3785,53.5073],[6.3292,53.5073],[6.3348,53.5026],[6.2759,53.4894],[6.2522,53.478],[6.1968,53.4724],[6.202,53.4682],[6.1951,53.4724],[6.1694,53.4725],[6.1666,53.4679],[6.1606,53.4719],[6.1424,53.4577],[6.1363,53.4604],[6.1444,53.4652],[6.1362,53.4674],[6.1206,53.4605],[6.1154,53.4629],[6.1189,53.4829],[6.1503,53.4971],[6.3669,53.5174],[6.3926,53.5148],[6.3785,53.5073]]]]},"properties":{}},{"type":"Feature","geometry":{"type":"MultiPolygon","coordinates":[[[[6.1763,53.1528],[6.1752,53.1359],[6.1857,53.1292],[6.125,53.1012],[6.1036,53.077],[6.0893,53.071],[6.0244,53.0734],[5.9964,53.0809],[5.9809,53.0776],[5.9328,53.0812],[5.8715,53.0742],[5.8721,53.084],[5.886,53.0944],[5.882,53.1069],[5.9304,53.1099],[5.9497,53.1049],[5.944,53.1247],[6.0129,53.1545],[6.0852,53.159],[6.0888,53.1539],[6.1193,53.1494],[6.1216,53.145],[6.1481,53.1578],[6.152,53.1508],[6.1768,53.1595],[6.1763,53.1528]]]]},"properties":{}},{"type":"Feature","geometry":{"type":"MultiPolygon","coordinates":[[[[5.2603,53.2503],[5.2513,53.2493],[5.2463,53.2539],[5.2674,53.2526],[5.2603,53.2503]]],[[[5.1598,53.2962],[5.1598,53.296],[5.1597,53.296],[5.1598,53.2962]]],[[[5.5429,53.4393],[5.5487,53.4356],[5.5476,53.4307],[5.5445,53.4363],[5.4763,53.4175],[5.4749,53.4108],[5.4824,53.4121],[5.4698,53.4065],[5.3839,53.402],[5.3447,53.3832],[5.3249,53.3782],[5.3132,53.3803],[5.2965,53.3761],[5.2935,53.3704],[5.2597,53.373],[5.2436,53.3655],[5.2213,53.3651],[5.2162,53.3562],[5.1913,53.3476],[5.1515,53.3502],[5.1855,53.3879],[5.2014,53.3946],[5.4947,53.4442],[5.5429,53.4393]]]]},"properties":{}},{"type":"Feature","geometry":{"type":"MultiPolygon","coordinates":[[[[5.1329,53.2838],[5.1215,53.2816],[5.1112,53.2888],[5.1271,53.2995],[5.1598,53.2962],[5.1329,53.2838]]],[[[5.1004,53.3009],[5.0914,53.295],[5.0863,53.297],[5.0914,53.2946],[5.063,53.294],[5.0333,53.281],[4.972,53.2648],[4.9794,53.2489],[4.9194,53.2162],[4.8796,53.2149],[4.8694,53.2045],[4.845,53.2081],[4.8536,53.222],[5.0011,53.2894],[5.064,53.3078],[5.0947,53.3056],[5.1004,53.3009]]]]},"properties":{}},{"type":"Feature","geometry":{"type":"MultiPolygon","coordinates":[[[[6.2323,52.9134],[6.2069,52.8907],[6.081,52.8387],[6.0526,52.8373],[6.06,52.8261],[6.0312,52.815],[6.0246,52.8225],[5.9965,52.8166],[5.9865,52.8217],[5.9731,52.8425],[5.9587,52.8398],[5.9558,52.8332],[5.9462,52.8374],[5.9302,52.835],[5.9267,52.8333],[5.9301,52.8314],[5.9231,52.831],[5.9242,52.8236],[5.8796,52.8012],[5.857,52.8072],[5.8361,52.806],[5.8182,52.8198],[5.84,52.843],[5.857,52.871],[5.886,52.8942],[5.9112,52.8978],[5.9331,52.9073],[5.9592,52.9275],[5.9788,52.927],[6.0022,52.934],[6.0426,52.9179],[6.0865,52.9363],[6.1105,52.9132],[6.1447,52.9281],[6.2006,52.943],[6.2136,52.9258],[6.2473,52.9233],[6.2323,52.9134]]]]},"properties":{}},{"type":"Feature","geometry":{"type":"MultiPolygon","coordinates":[[[[6.6037,53.0589],[6.6081,53.0484],[6.6035,53.033],[6.6312,53.0261],[6.6326,53.022],[6.6298,53.0156],[6.616,53.0081],[6.596,52.9727],[6.5813,52.9675],[6.5615,52.9467],[6.543,52.9553],[6.5359,52.9326],[6.497,52.9516],[6.4931,52.948],[6.4839,52.9502],[6.4938,52.9587],[6.4876,52.9612],[6.4957,52.969],[6.4855,52.973],[6.499,52.9902],[6.4926,52.9931],[6.4882,53.0054],[6.513,53.0106],[6.51,53.017],[6.5039,53.016],[6.4955,53.0309],[6.5029,53.0322],[6.5,53.0384],[6.5051,53.0464],[6.5243,53.046],[6.5337,53.0382],[6.5473,53.0351],[6.5552,53.0586],[6.5697,53.0599],[6.5704,53.0549],[6.5751,53.0546],[6.5758,53.0592],[6.6037,53.0589]]]]},"properties":{}},{"type":"Feature","geometry":{"type":"MultiPolygon","coordinates":[[[[6.7375,52.8749],[6.7473,52.8703],[6.753,52.859],[6.7691,52.8515],[6.7656,52.8499],[6.8498,52.8046],[6.831,52.7782],[6.8342,52.7714],[6.8312,52.7668],[6.8397,52.761],[6.831,52.7419],[6.8374,52.7344],[6.8264,52.7309],[6.8409,52.6996],[6.8502,52.6966],[6.8619,52.6497],[6.8375,52.6519],[6.8183,52.6477],[6.7774,52.6517],[6.7679,52.6469],[6.742,52.6453],[6.7264,52.6332],[6.702,52.6273],[6.7065,52.6395],[6.7012,52.6417],[6.7083,52.6488],[6.6295,52.6697],[6.6299,52.7127],[6.5958,52.7132],[6.5968,52.7235],[6.5764,52.7243],[6.6609,52.8012],[6.6751,52.7971],[6.6812,52.8077],[6.6916,52.8098],[6.6911,52.826],[6.7076,52.8364],[6.7041,52.847],[6.7284,52.8538],[6.7199,52.8615],[6.7219,52.8663],[6.7146,52.8682],[6.7363,52.8787],[6.7375,52.8749]]]]},"properties":{}},{"type":"Feature","geometry":{"type":"MultiPolygon","coordinates":[[[[7.0403,52.8728],[7.0435,52.8652],[7.0627,52.8515],[7.0762,52.85],[7.0724,52.8385],[7.0927,52.8382],[7.0716,52.8104],[7.0557,52.6435],[7.0417,52.6327],[6.976,52.6463],[6.9386,52.6379],[6.9193,52.6398],[6.9145,52.6465],[6.8972,52.6514],[6.8728,52.6533],[6.8619,52.6497],[6.8502,52.6966],[6.8409,52.6996],[6.8264,52.7309],[6.8374,52.7344],[6.831,52.7419],[6.8397,52.761],[6.8312,52.7668],[6.8342,52.7714],[6.831,52.7782],[6.8498,52.8046],[6.869,52.8193],[6.9499,52.8488],[6.9614,52.8643],[7.0076,52.873],[7.0403,52.8728]]]]},"properties":{}},{"type":"Feature","geometry":{"type":"MultiPolygon","coordinates":[[[[6.5034,52.7693],[6.5128,52.7621],[6.5354,52.7681],[6.5663,52.7656],[6.5576,52.7454],[6.5875,52.7357],[6.5764,52.7243],[6.5968,52.7235],[6.5958,52.7132],[6.6299,52.7127],[6.6295,52.6697],[6.6145,52.674],[6.5528,52.6656],[6.5294,52.6545],[6.5306,52.6725],[6.4926,52.676],[6.4929,52.6836],[6.4849,52.6842],[6.486,52.6936],[6.4487,52.6938],[6.4511,52.707],[6.4197,52.7017],[6.4036,52.706],[6.4056,52.7126],[6.4144,52.7173],[6.4068,52.7284],[6.4213,52.7314],[6.4154,52.7408],[6.4232,52.743],[6.4205,52.7482],[6.4263,52.7514],[6.4161,52.7553],[6.4101,52.7649],[6.4462,52.7761],[6.4555,52.8006],[6.4918,52.7931],[6.4962,52.7862],[6.4908,52.7709],[6.5034,52.7693]]]]},"properties":{}},{"type":"Feature","geometry":{"type":"MultiPolygon","coordinates":[[[[6.1757,52.7699],[6.2018,52.7293],[6.2186,52.7483],[6.2346,52.7406],[6.2163,52.7186],[6.2169,52.7032],[6.249,52.7082],[6.2743,52.7062],[6.2796,52.6996],[6.2758,52.6955],[6.2867,52.6991],[6.285,52.6897],[6.2759,52.6903],[6.2835,52.6825],[6.2698,52.6822],[6.2727,52.6737],[6.2655,52.668],[6.2166,52.6864],[6.2017,52.6846],[6.1942,52.6766],[6.1805,52.6816],[6.1831,52.6751],[6.163,52.6801],[6.1697,52.6861],[6.1566,52.692],[6.1204,52.7502],[6.1263,52.7568],[6.1565,52.7627],[6.1729,52.7731],[6.1757,52.7699]]]]},"properties":{}},{"type":"Feature","geometry":{"type":"MultiPolygon","coordinates":[[[[6.6454,52.3965],[6.6518,52.3987],[6.6719,52.3889],[6.676,52.3957],[6.6844,52.3909],[6.6986,52.3937],[6.7053,52.3781],[6.7135,52.3765],[6.7197,52.3613],[6.7206,52.3523],[6.7097,52.3434],[6.721,52.3401],[6.7094,52.3306],[6.697,52.3298],[6.6949,52.3268],[6.7069,52.321],[6.6916,52.3142],[6.6909,52.3084],[6.6575,52.2949],[6.6261,52.29],[6.6318,52.3018],[6.6111,52.3075],[6.6168,52.3091],[6.6128,52.3126],[6.6048,52.3122],[6.619,52.3261],[6.5977,52.3429],[6.6047,52.3449],[6.6154,52.3628],[6.5989,52.3837],[6.6095,52.3895],[6.6148,52.3864],[6.6402,52.3991],[6.6454,52.3965]]]]},"properties":{}},{"type":"Feature","geometry":{"type":"MultiPolygon","coordinates":[[[[6.7476,52.3325],[6.7621,52.3308],[6.7738,52.3189],[6.8021,52.3145],[6.8013,52.3087],[6.7879,52.305],[6.7926,52.3004],[6.7429,52.2831],[6.712,52.3037],[6.6895,52.3096],[6.6916,52.3142],[6.7058,52.318],[6.7069,52.321],[6.6949,52.3268],[6.697,52.3298],[6.7094,52.3306],[6.7208,52.3412],[6.7476,52.3325]]]]},"properties":{}},{"type":"Feature","geometry":{"type":"MultiPolygon","coordinates":[[[[6.3197,52.5992],[6.3615,52.5248],[6.3458,52.5202],[6.3315,52.5221],[6.344,52.4817],[6.3426,52.4569],[6.3784,52.4564],[6.3711,52.4497],[6.3842,52.4394],[6.3804,52.4278],[6.3563,52.4291],[6.3343,52.4245],[6.3189,52.4321],[6.2918,52.4347],[6.2899,52.4464],[6.2786,52.4474],[6.2782,52.457],[6.2363,52.4656],[6.1701,52.4689],[6.1625,52.4744],[6.1921,52.4817],[6.201,52.4911],[6.1733,52.5188],[6.1879,52.5235],[6.193,52.532],[6.1896,52.5362],[6.2108,52.5678],[6.2021,52.5849],[6.3197,52.5992]]]]},"properties":{}},{"type":"Feature","geometry":{"type":"MultiPolygon","coordinates":[[[[6.2351,52.3145],[6.2672,52.3008],[6.3265,52.3016],[6.3288,52.2811],[6.3772,52.2587],[6.3749,52.2551],[6.3819,52.2461],[6.3497,52.2412],[6.3381,52.2362],[6.3387,52.2272],[6.3204,52.2257],[6.2979,52.2255],[6.2917,52.2309],[6.2713,52.2264],[6.2145,52.2313],[6.2169,52.2265],[6.1784,52.2337],[6.163,52.2285],[6.1684,52.2273],[6.1625,52.2279],[6.1687,52.2207],[6.1641,52.2174],[6.1622,52.2242],[6.1475,52.2278],[6.1417,52.2342],[6.1533,52.2471],[6.1239,52.2515],[6.1301,52.2607],[6.1124,52.2783],[6.1113,52.2882],[6.1013,52.3012],[6.1084,52.2977],[6.1822,52.3089],[6.1816,52.3149],[6.1995,52.316],[6.2056,52.3209],[6.2354,52.3198],[6.2351,52.3145]]]]},"properties":{}},{"type":"Feature","geometry":{"type":"MultiPolygon","coordinates":[[[[6.9121,52.2855],[6.9136,52.2822],[6.941,52.2839],[6.9691,52.2669],[6.973,52.2485],[6.9659,52.2304],[6.9811,52.2207],[6.9741,52.2054],[6.9512,52.1811],[6.9096,52.1764],[6.8898,52.1612],[6.828,52.171],[6.8056,52.1666],[6.7668,52.1911],[6.7663,52.2031],[6.7559,52.2174],[6.7691,52.227],[6.7652,52.2331],[6.7744,52.2385],[6.8138,52.2295],[6.8195,52.2437],[6.8426,52.2539],[6.8435,52.2666],[6.8318,52.2735],[6.8378,52.2766],[6.8683,52.273],[6.8765,52.2747],[6.8832,52.2832],[6.9121,52.2855]]]]},"properties":{}},{"type":"Feature","geometry":{"type":"MultiPolygon","coordinates":[[[[6.7124,52.2063],[6.7668,52.1911],[6.8056,52.1666],[6.828,52.171],[6.8898,52.1612],[6.8805,52.156],[6.8735,52.1303],[6.8555,52.1205],[6.7163,52.1183],[6.663,52.13],[6.6744,52.1428],[6.6706,52.1564],[6.6734,52.1632],[6.645,52.1742],[6.6428,52.1814],[6.6245,52.1889],[6.6721,52.1982],[6.6975,52.1962],[6.7124,52.2063]]]]},"properties":{}},{"type":"Feature","geometry":{"type":"MultiPolygon","coordinates":[[[[6.702,52.6273],[6.713,52.6268],[6.7273,52.6149],[6.7188,52.5886],[6.7667,52.5616],[6.7523,52.559],[6.7266,52.5631],[6.7163,52.5485],[6.6809,52.5533],[6.7053,52.521],[6.6976,52.4863],[6.6693,52.495],[6.6537,52.4878],[6.6546,52.4827],[6.6475,52.4786],[6.6496,52.4731],[6.6268,52.4738],[6.613,52.4656],[6.601,52.4795],[6.5952,52.4803],[6.6096,52.4925],[6.5614,52.5129],[6.5654,52.5184],[6.5593,52.5193],[6.5535,52.5125],[6.5412,52.5191],[6.5218,52.5606],[6.5049,52.5759],[6.4884,52.569],[6.415,52.57],[6.4026,52.5914],[6.3234,52.5925],[6.3197,52.5992],[6.3031,52.5971],[6.3278,52.6587],[6.3641,52.6431],[6.3746,52.6285],[6.3765,52.6169],[6.3841,52.6123],[6.41,52.6216],[6.4182,52.619],[6.4313,52.6284],[6.4349,52.6193],[6.4422,52.6157],[6.4535,52.614],[6.47,52.625],[6.478,52.6186],[6.5185,52.6141],[6.5139,52.6463],[6.5528,52.6656],[6.6145,52.674],[6.7083,52.6488],[6.7012,52.6417],[6.7065,52.6395],[6.702,52.6273]]]]},"properties":{}},{"type":"Feature","geometry":{"type":"MultiPolygon","coordinates":[[[[6.4751,52.4411],[6.5178,52.4378],[6.543,52.4512],[6.5634,52.4458],[6.5964,52.4548],[6.5981,52.439],[6.5725,52.4233],[6.576,52.4175],[6.516,52.4061],[6.5085,52.3922],[6.5138,52.3817],[6.4955,52.3762],[6.4991,52.3636],[6.5208,52.3614],[6.5189,52.3552],[6.4908,52.3494],[6.4609,52.3201],[6.4219,52.3257],[6.356,52.3182],[6.3335,52.3514],[6.3431,52.37],[6.3573,52.377],[6.3886,52.3803],[6.4052,52.4155],[6.3903,52.4281],[6.4384,52.444],[6.4474,52.4617],[6.4751,52.4411]]]]},"properties":{}},{"type":"Feature","geometry":{"type":"MultiPolygon","coordinates":[[[[6.8078,52.3131],[6.8257,52.3064],[6.8205,52.2985],[6.8464,52.2914],[6.8524,52.2852],[6.8476,52.2786],[6.8318,52.2735],[6.8435,52.2666],[6.8426,52.2539],[6.8195,52.2437],[6.8138,52.2295],[6.7744,52.2385],[6.7652,52.2331],[6.7691,52.227],[6.7559,52.2174],[6.7663,52.2031],[6.7668,52.1911],[6.7124,52.2063],[6.702,52.2168],[6.7121,52.226],[6.7171,52.241],[6.7215,52.2392],[6.7196,52.2486],[6.7243,52.2527],[6.753,52.2524],[6.7429,52.2831],[6.7926,52.3004],[6.7879,52.305],[6.8078,52.3131]]]]},"properties":{}},{"type":"Feature","geometry":{"type":"MultiPolygon","coordinates":[[[[5.7963,52.5923],[5.7881,52.5921],[5.7903,52.5874],[5.7855,52.5925],[5.7963,52.5923]]],[[[5.8067,52.5907],[5.817,52.5917],[5.8078,52.5891],[5.8004,52.597],[5.8082,52.5943],[5.8067,52.5907]]],[[[5.834,52.6073],[5.8258,52.5992],[5.8297,52.593],[5.8099,52.5979],[5.8013,52.6049],[5.834,52.6073]]],[[[5.9623,52.6244],[5.9917,52.6217],[5.9913,52.6144],[5.9713,52.5942],[5.9829,52.5775],[6.0129,52.5861],[6.033,52.5594],[6.0036,52.5504],[6.007,52.5455],[6.0305,52.5381],[6.0302,52.5268],[6.019,52.526],[6.0148,52.5205],[6.0279,52.5096],[6.0076,52.5043],[5.9653,52.4764],[5.9583,52.4841],[5.9515,52.4841],[5.9256,52.4741],[5.9102,52.4972],[5.8873,52.5169],[5.8789,52.5217],[5.8629,52.5209],[5.8572,52.5528],[5.8421,52.563],[5.8321,52.5769],[5.8143,52.5824],[5.8389,52.5831],[5.8056,52.5842],[5.8199,52.589],[5.8144,52.5849],[5.8416,52.5838],[5.8317,52.5915],[5.8356,52.5963],[5.832,52.6],[5.8406,52.6104],[5.8992,52.6183],[5.9173,52.6127],[5.9314,52.6139],[5.9623,52.6244]]]]},"properties":{}},{"type":"Feature","geometry":{"type":"MultiPolygon","coordinates":[[[[6.9848,52.3726],[7.0078,52.3638],[7.0722,52.3728],[7.0721,52.3519],[7.0562,52.338],[7.0472,52.3237],[7.0474,52.3152],[7.0387,52.3124],[7.0395,52.3076],[7.0265,52.292],[7.0286,52.2736],[7.0424,52.2561],[7.0658,52.2412],[7.0613,52.2347],[7.0264,52.2257],[6.9891,52.2268],[6.9811,52.2207],[6.9659,52.2304],[6.973,52.2485],[6.9691,52.2669],[6.9392,52.2839],[6.9359,52.2906],[6.9463,52.2927],[6.9419,52.2986],[6.9502,52.3085],[6.9501,52.3194],[6.9347,52.3227],[6.9375,52.3328],[6.9536,52.334],[6.9528,52.3404],[6.9703,52.3488],[6.9627,52.3634],[6.9709,52.3798],[6.9848,52.3726]]]]},"properties":{}},{"type":"Feature","geometry":{"type":"MultiPolygon","coordinates":[[[[5.8881,52.6169],[5.843,52.6108],[5.8879,52.6204],[5.8963,52.618],[5.8881,52.6169]]],[[[6.0106,52.6424],[5.9992,52.6478],[6.0139,52.6457],[6.0106,52.6424]]],[[[5.7488,52.8397],[5.7844,52.8175],[5.7898,52.8037],[5.7952,52.8065],[5.8188,52.7847],[5.8621,52.781],[5.9218,52.7512],[5.9426,52.715],[5.9648,52.6981],[5.9621,52.6904],[5.9447,52.6827],[5.9331,52.6713],[5.9669,52.6666],[5.9837,52.6556],[5.9637,52.6387],[5.8318,52.6125],[5.7457,52.6123],[5.7502,52.6107],[5.65,52.6156],[5.6299,52.6377],[5.6411,52.6425],[5.6361,52.6496],[5.6489,52.6496],[5.65,52.6543],[5.6428,52.6606],[5.6554,52.666],[5.6416,52.678],[5.6437,52.6826],[5.5946,52.6833],[5.5933,52.6763],[5.5966,52.7661],[5.6634,52.8301],[5.7131,52.838],[5.7296,52.8337],[5.7247,52.844],[5.7488,52.8397]]]]},"properties":{}},{"type":"Feature","geometry":{"type":"MultiPolygon","coordinates":[[[[6.9114,52.3308],[6.9375,52.3328],[6.9347,52.3227],[6.9501,52.3194],[6.9502,52.3085],[6.9419,52.2986],[6.9463,52.2927],[6.9359,52.2906],[6.9392,52.2839],[6.9136,52.2822],[6.8945,52.2935],[6.8598,52.2987],[6.8614,52.3064],[6.877,52.3123],[6.8799,52.319],[6.8947,52.325],[6.9006,52.3335],[6.9114,52.3308]]]]},"properties":{}},{"type":"Feature","geometry":{"type":"MultiPolygon","coordinates":[[[[6.374,52.5916],[6.4026,52.5914],[6.415,52.57],[6.4884,52.569],[6.5049,52.5759],[6.5218,52.5606],[6.5412,52.5191],[6.5535,52.5125],[6.5593,52.5193],[6.5654,52.5184],[6.5614,52.5129],[6.6096,52.4925],[6.5952,52.4803],[6.5055,52.491],[6.5038,52.4817],[6.453,52.4712],[6.4384,52.444],[6.4288,52.4387],[6.3903,52.4281],[6.3806,52.4298],[6.3842,52.4394],[6.3711,52.4497],[6.3784,52.4564],[6.3426,52.4569],[6.344,52.4817],[6.3315,52.5221],[6.3458,52.5202],[6.3615,52.5248],[6.3234,52.5925],[6.374,52.5916]]]]},"properties":{}},{"type":"Feature","geometry":{"type":"MultiPolygon","coordinates":[[[[6.1625,52.4744],[6.1701,52.4689],[6.2564,52.4623],[6.2782,52.457],[6.2786,52.4474],[6.2899,52.4464],[6.2918,52.4347],[6.3189,52.4321],[6.3343,52.4245],[6.3806,52.4298],[6.3903,52.4281],[6.4052,52.4155],[6.3886,52.3803],[6.3573,52.377],[6.3431,52.37],[6.3359,52.3562],[6.3335,52.3514],[6.3424,52.3332],[6.356,52.3182],[6.3265,52.3016],[6.2672,52.3008],[6.2351,52.3145],[6.2319,52.3356],[6.2357,52.3399],[6.223,52.3472],[6.1969,52.3521],[6.189,52.3643],[6.1895,52.3757],[6.2013,52.3714],[6.2016,52.3835],[6.2076,52.3839],[6.204,52.3869],[6.2185,52.3853],[6.2299,52.39],[6.2309,52.3982],[6.2221,52.4084],[6.231,52.4235],[6.1966,52.4271],[6.1911,52.4327],[6.1775,52.4313],[6.1441,52.4677],[6.1625,52.4744]]]]},"properties":{}},{"type":"Feature","geometry":{"type":"MultiPolygon","coordinates":[[[[6.1626,52.6911],[6.1697,52.6861],[6.163,52.6801],[6.1831,52.6751],[6.1805,52.6816],[6.1942,52.6766],[6.2017,52.6846],[6.2166,52.6864],[6.2435,52.6788],[6.252,52.6699],[6.2701,52.6648],[6.2791,52.6691],[6.2955,52.6623],[6.2976,52.6664],[6.3269,52.6692],[6.3278,52.6587],[6.3031,52.5971],[6.1314,52.5812],[6.1241,52.5941],[6.1031,52.6057],[6.1075,52.6189],[6.1039,52.6256],[6.0983,52.6256],[6.0972,52.636],[6.1041,52.6469],[6.1038,52.6561],[6.1502,52.683],[6.1545,52.6904],[6.1626,52.6911]]]]},"properties":{}},{"type":"Feature","geometry":{"type":"MultiPolygon","coordinates":[[[[6.7566,52.4633],[6.7746,52.4596],[6.8543,52.4597],[6.8525,52.4499],[6.9473,52.4366],[6.9492,52.4329],[6.8969,52.4328],[6.8534,52.4271],[6.8515,52.4146],[6.8623,52.4078],[6.8636,52.3637],[6.8557,52.3603],[6.8177,52.3651],[6.7834,52.3601],[6.774,52.3466],[6.7606,52.3419],[6.759,52.3321],[6.7507,52.3297],[6.7345,52.3394],[6.7097,52.3434],[6.7206,52.3523],[6.7135,52.3765],[6.7053,52.3781],[6.6986,52.3937],[6.6699,52.4172],[6.6779,52.428],[6.6733,52.4414],[6.6976,52.4516],[6.7177,52.4781],[6.7566,52.4633]]]]},"properties":{}},{"type":"Feature","geometry":{"type":"MultiPolygon","coordinates":[[[[5.6043,52.6832],[5.6437,52.6826],[5.6416,52.678],[5.6554,52.666],[5.6428,52.6606],[5.65,52.6543],[5.6489,52.6496],[5.6361,52.6496],[5.6411,52.6425],[5.6299,52.6377],[5.6159,52.6506],[5.5987,52.6575],[5.6021,52.6602],[5.5932,52.6608],[5.5978,52.6564],[5.5915,52.661],[5.5946,52.6833],[5.6043,52.6832]]]]},"properties":{}},{"type":"Feature","geometry":{"type":"MultiPolygon","coordinates":[[[[6.5989,52.3837],[6.6154,52.3628],[6.6047,52.3449],[6.5977,52.3429],[6.619,52.3261],[6.6048,52.3122],[6.6128,52.3126],[6.6168,52.3091],[6.6111,52.3075],[6.6318,52.3018],[6.6261,52.29],[6.6054,52.2707],[6.5741,52.2693],[6.5623,52.2744],[6.55,52.2878],[6.5535,52.2972],[6.5451,52.3184],[6.5362,52.3156],[6.5247,52.3256],[6.4682,52.3265],[6.4908,52.3494],[6.5189,52.3552],[6.5208,52.3614],[6.4991,52.3636],[6.4955,52.3762],[6.5138,52.3817],[6.5085,52.3922],[6.516,52.4061],[6.576,52.4175],[6.5989,52.3837]]]]},"properties":{}},{"type":"Feature","geometry":{"type":"MultiPolygon","coordinates":[[[[6.1936,52.5843],[6.2021,52.5849],[6.2108,52.5678],[6.1896,52.5362],[6.193,52.532],[6.1879,52.5235],[6.1733,52.5188],[6.201,52.4911],[6.1921,52.4817],[6.1441,52.4677],[6.1549,52.4532],[6.1477,52.4444],[6.1371,52.4408],[6.105,52.4426],[6.0991,52.4703],[6.0664,52.4852],[6.0542,52.4998],[6.0188,52.5139],[6.0155,52.5228],[6.0302,52.5268],[6.0305,52.5381],[6.007,52.5455],[6.0036,52.5504],[6.0632,52.5673],[6.0702,52.5582],[6.0894,52.5518],[6.1037,52.5674],[6.1101,52.5674],[6.1098,52.5611],[6.1181,52.5574],[6.1405,52.5521],[6.1668,52.5653],[6.1574,52.5808],[6.1476,52.5851],[6.1827,52.5878],[6.1936,52.5843]]]]},"properties":{}},{"type":"Feature","geometry":{"type":"MultiPolygon","coordinates":[[[[6.5594,51.9744],[6.6339,51.9657],[6.6392,51.9594],[6.6291,51.9501],[6.6343,51.945],[6.632,51.9378],[6.646,51.9296],[6.659,51.929],[6.661,51.9156],[6.6687,51.9139],[6.6342,51.901],[6.5858,51.8941],[6.5603,51.8822],[6.5442,51.8846],[6.5246,51.8737],[6.5011,51.868],[6.5003,51.8623],[6.4725,51.8538],[6.4644,51.8553],[6.4718,51.869],[6.4842,51.879],[6.4724,51.9074],[6.4887,51.9127],[6.5048,51.946],[6.5172,51.948],[6.5198,51.9556],[6.5328,51.9624],[6.5273,51.966],[6.5594,51.9744]]]]},"properties":{}},{"type":"Feature","geometry":{"type":"MultiPolygon","coordinates":[[[[5.9894,52.274],[6.0289,52.2768],[6.0285,52.271],[6.0364,52.2685],[6.0375,52.2609],[6.0248,52.2489],[6.0265,52.2429],[6.036,52.2319],[6.0334,52.2241],[6.0469,52.2214],[6.0583,52.1962],[6.0539,52.195],[6.0501,52.1833],[6.0614,52.1739],[6.0643,52.1574],[6.0785,52.1389],[6.0406,52.1146],[6.0325,52.1015],[6.0341,52.0957],[6.0088,52.074],[5.9905,52.0792],[5.9559,52.0733],[5.9461,52.0779],[5.9515,52.0999],[5.9115,52.1003],[5.8834,52.1063],[5.8648,52.1255],[5.8595,52.1487],[5.8098,52.1514],[5.8096,52.1667],[5.802,52.1774],[5.8119,52.1849],[5.7997,52.1947],[5.7506,52.1937],[5.7308,52.2086],[5.7274,52.2193],[5.7417,52.2199],[5.743,52.2235],[5.7382,52.2316],[5.7309,52.2316],[5.7264,52.2425],[5.7614,52.2483],[5.7513,52.2696],[5.8214,52.2727],[5.8508,52.2687],[5.8609,52.2558],[5.8796,52.265],[5.9362,52.2744],[5.9739,52.2732],[5.9857,52.2857],[5.9924,52.2849],[5.9894,52.274]]]]},"properties":{}},{"type":"Feature","geometry":{"type":"MultiPolygon","coordinates":[[[[5.9432,52.0623],[5.9371,52.0485],[5.9414,52.0115],[5.9609,51.9885],[5.9903,51.9744],[5.9636,51.9711],[5.9524,51.9646],[5.9501,51.9542],[5.9552,51.9488],[5.9318,51.9595],[5.9295,51.9507],[5.9152,51.95],[5.9019,51.9335],[5.8719,51.9415],[5.8299,51.9452],[5.8293,51.9608],[5.836,51.9662],[5.8353,51.9736],[5.8595,51.9696],[5.8709,51.9751],[5.8637,51.978],[5.8674,51.9803],[5.8637,51.9958],[5.803,52.0041],[5.8083,52.0188],[5.8187,52.0296],[5.85,52.0516],[5.8994,52.05],[5.8981,52.0634],[5.9097,52.0621],[5.9461,52.0779],[5.9559,52.0733],[5.9432,52.0623]]]]},"properties":{}},{"type":"Feature","geometry":{"type":"MultiPolygon","coordinates":[[[[5.7264,52.2425],[5.7309,52.2316],[5.7382,52.2316],[5.743,52.2235],[5.7417,52.2199],[5.7274,52.2193],[5.7308,52.2086],[5.7506,52.1937],[5.792,52.197],[5.8119,52.1849],[5.802,52.1774],[5.8096,52.1667],[5.8098,52.1514],[5.7203,52.1463],[5.7219,52.1386],[5.7173,52.1364],[5.6888,52.137],[5.6793,52.1316],[5.669,52.1347],[5.5695,52.1222],[5.5686,52.1182],[5.5619,52.1217],[5.5467,52.1114],[5.5503,52.1054],[5.544,52.1019],[5.5252,52.1008],[5.5232,52.1043],[5.5174,52.1006],[5.5104,52.1078],[5.4864,52.1154],[5.5077,52.1139],[5.5054,52.1198],[5.4969,52.1196],[5.4947,52.1247],[5.4979,52.1303],[5.5141,52.1359],[5.4973,52.1414],[5.499,52.1474],[5.4813,52.1505],[5.4843,52.1581],[5.4729,52.1618],[5.4851,52.1718],[5.4856,52.182],[5.5008,52.1886],[5.5308,52.1915],[5.5489,52.1753],[5.5689,52.1779],[5.5645,52.1853],[5.5779,52.1862],[5.5777,52.1948],[5.6002,52.1977],[5.6178,52.1912],[5.6257,52.1928],[5.6349,52.2038],[5.6333,52.2082],[5.6813,52.2253],[5.6836,52.2406],[5.7264,52.2425]]]]},"properties":{}},{"type":"Feature","geometry":{"type":"MultiPolygon","coordinates":[[[[5.8254,51.8601],[5.8174,51.8495],[5.8073,51.8518],[5.7865,51.8409],[5.7751,51.8442],[5.7647,51.8323],[5.6781,51.8431],[5.6848,51.8488],[5.6816,51.8569],[5.6679,51.8659],[5.685,51.8956],[5.8103,51.8728],[5.8257,51.8662],[5.8254,51.8601]]]]},"properties":{}},{"type":"Feature","geometry":{"type":"MultiPolygon","coordinates":[[[[6.1847,52.1612],[6.1816,52.1527],[6.1474,52.158],[6.1404,52.1484],[6.1506,52.144],[6.1734,52.145],[6.1741,52.1394],[6.1835,52.1343],[6.1825,52.1262],[6.1891,52.115],[6.2154,52.109],[6.2153,52.0949],[6.1757,52.0903],[6.1678,52.0759],[6.1375,52.0592],[6.1228,52.0632],[6.121,52.0686],[6.1034,52.0781],[6.0681,52.0882],[6.0237,52.0673],[6.0061,52.0663],[6.0088,52.074],[6.0341,52.0957],[6.0358,52.1095],[6.0515,52.1244],[6.0696,52.1313],[6.0785,52.1389],[6.0761,52.1439],[6.1441,52.1594],[6.1847,52.1612]]]]},"properties":{}},{"type":"Feature","geometry":{"type":"MultiPolygon","coordinates":[[[[5.457,51.9837],[5.4862,51.9838],[5.5402,51.9673],[5.5569,51.9557],[5.5866,51.9508],[5.5733,51.942],[5.5339,51.9435],[5.5398,51.9371],[5.5541,51.934],[5.5568,51.9192],[5.5054,51.9239],[5.4864,51.9189],[5.4909,51.9247],[5.4351,51.9207],[5.4113,51.912],[5.3998,51.8986],[5.3417,51.8735],[5.3349,51.8818],[5.3152,51.8806],[5.3234,51.889],[5.2949,51.9001],[5.2737,51.9201],[5.2852,51.9226],[5.2849,51.9307],[5.2551,51.9355],[5.2419,51.9455],[5.2598,51.9516],[5.2553,51.9542],[5.2704,51.9654],[5.3234,51.9551],[5.3556,51.9704],[5.3828,51.9693],[5.4182,51.9766],[5.4362,51.9853],[5.457,51.9837]]]]},"properties":{}},{"type":"Feature","geometry":{"type":"MultiPolygon","coordinates":[[[[5.2704,51.9654],[5.2553,51.9542],[5.2598,51.9516],[5.2419,51.9455],[5.2551,51.9355],[5.2332,51.9236],[5.2118,51.9196],[5.2077,51.9262],[5.1589,51.9196],[5.1668,51.926],[5.1424,51.9249],[5.1802,51.9674],[5.1988,51.9602],[5.2135,51.9607],[5.233,51.9776],[5.2423,51.9787],[5.2704,51.9654]]]]},"properties":{}},{"type":"Feature","geometry":{"type":"MultiPolygon","coordinates":[[[[6.1591,52.0374],[6.1755,52.0394],[6.177,52.0315],[6.1732,52.0278],[6.1773,52.0203],[6.1612,52.0138],[6.154,52.0033],[6.1589,52.004],[6.1593,51.9997],[6.1096,51.9964],[6.126,52.0101],[6.131,52.0209],[6.1307,52.0291],[6.1215,52.0346],[6.1351,52.0347],[6.1521,52.0421],[6.1591,52.0374]]]]},"properties":{}},{"type":"Feature","geometry":{"type":"MultiPolygon","coordinates":[[[[6.329,51.9891],[6.3357,51.9856],[6.3275,51.9757],[6.3699,51.9762],[6.3653,51.9696],[6.3904,51.9683],[6.3883,51.9763],[6.3809,51.9777],[6.4025,51.9822],[6.4161,51.9726],[6.3813,51.9333],[6.3593,51.9228],[6.3312,51.9262],[6.3021,51.9441],[6.2208,51.9446],[6.2031,51.9421],[6.205,51.9366],[6.1579,51.9588],[6.1447,51.9805],[6.2298,51.9762],[6.2317,51.9808],[6.2224,51.9841],[6.2321,51.9884],[6.2348,51.9826],[6.2498,51.976],[6.2568,51.981],[6.2479,51.9841],[6.2544,51.9881],[6.2705,51.9834],[6.2919,51.9933],[6.2957,51.9885],[6.3191,51.9943],[6.329,51.9891]]]]},"properties":{}},{"type":"Feature","geometry":{"type":"MultiPolygon","coordinates":[[[[5.5716,51.9017],[5.685,51.8956],[5.6679,51.8659],[5.6362,51.8674],[5.6401,51.856],[5.6359,51.8475],[5.6432,51.845],[5.6098,51.8363],[5.585,51.8391],[5.5816,51.8526],[5.5847,51.8572],[5.5773,51.8646],[5.5531,51.8626],[5.5538,51.8704],[5.5684,51.8765],[5.5664,51.8839],[5.5715,51.8839],[5.577,51.8924],[5.5507,51.888],[5.531,51.8914],[5.5444,51.899],[5.5716,51.9017]]]]},"properties":{}},{"type":"Feature","geometry":{"type":"MultiPolygon","coordinates":[[[[6.0608,51.9745],[6.0585,51.9583],[6.0527,51.9527],[6.0633,51.9491],[6.053,51.9403],[6.0516,51.931],[6.0424,51.9278],[6.047,51.9253],[6.0413,51.9158],[5.9928,51.9123],[5.9686,51.9282],[5.9729,51.9292],[5.9658,51.9388],[5.9844,51.943],[5.9876,51.9504],[5.984,51.9724],[6.0057,51.9791],[6.0218,51.9782],[6.0269,51.9709],[6.0343,51.9714],[6.0472,51.9806],[6.0686,51.9805],[6.0673,51.9753],[6.0608,51.9745]]]]},"properties":{}},{"type":"Feature","geometry":{"type":"MultiPolygon","coordinates":[[[[5.7747,52.1522],[5.8595,52.1487],[5.8648,52.1255],[5.8834,52.1063],[5.9115,52.1003],[5.9515,52.0999],[5.9461,52.0779],[5.9097,52.0621],[5.8981,52.0634],[5.8994,52.05],[5.85,52.0516],[5.8379,52.0466],[5.8134,52.0241],[5.7451,52.0198],[5.7328,52.0007],[5.6754,51.991],[5.6539,51.9952],[5.6193,51.9927],[5.6145,51.9996],[5.6025,51.995],[5.592,52.0014],[5.586,52.0118],[5.59,52.0344],[5.5674,52.0406],[5.5709,52.048],[5.5579,52.0489],[5.5627,52.0783],[5.5549,52.0865],[5.5544,52.0954],[5.5505,52.0967],[5.5542,52.1002],[5.5467,52.1114],[5.5619,52.1217],[5.5686,52.1182],[5.5695,52.1222],[5.669,52.1347],[5.6793,52.1316],[5.6888,52.137],[5.7173,52.1364],[5.7219,52.1386],[5.7203,52.1463],[5.7621,52.1476],[5.7747,52.1522]]]]},"properties":{}},{"type":"Feature","geometry":{"type":"MultiPolygon","coordinates":[[[[5.8506,52.4667],[5.8776,52.4531],[5.8688,52.4448],[5.9,52.4198],[5.9163,52.4129],[5.906,52.4086],[5.9243,52.3914],[5.9117,52.3868],[5.876,52.3579],[5.8648,52.3597],[5.8214,52.391],[5.8172,52.4016],[5.7707,52.3955],[5.7569,52.4069],[5.8111,52.4357],[5.8219,52.446],[5.8233,52.4529],[5.8162,52.4559],[5.828,52.4693],[5.823,52.4623],[5.8273,52.4576],[5.8424,52.4706],[5.8506,52.4667]]]]},"properties":{}},{"type":"Feature","geometry":{"type":"MultiPolygon","coordinates":[[[[6.0339,52.3647],[6.0427,52.3635],[6.0418,52.3565],[6.0778,52.3643],[6.0948,52.3569],[6.0761,52.3506],[6.0737,52.3306],[6.0529,52.3309],[6.0348,52.2948],[6.0433,52.2787],[6.0431,52.2689],[6.0303,52.2692],[6.0289,52.2768],[5.9894,52.274],[5.9924,52.2849],[5.9857,52.2857],[5.9739,52.2732],[5.9362,52.2744],[5.8796,52.265],[5.8609,52.2558],[5.8545,52.2601],[5.8482,52.2751],[5.8522,52.2801],[5.8408,52.3044],[5.881,52.3352],[5.8648,52.3513],[5.9117,52.3868],[5.951,52.3984],[5.9913,52.3786],[6.0339,52.3647]]]]},"properties":{}},{"type":"Feature","geometry":{"type":"MultiPolygon","coordinates":[[[[5.7482,52.3068],[5.7447,52.2882],[5.7555,52.2779],[5.7465,52.2717],[5.7614,52.2483],[5.711,52.2396],[5.6836,52.2406],[5.6755,52.2512],[5.6392,52.2719],[5.5875,52.2788],[5.5481,52.2918],[5.5594,52.3168],[5.5634,52.3156],[5.5758,52.3266],[5.6021,52.318],[5.6303,52.3269],[5.6781,52.3015],[5.7062,52.3284],[5.7507,52.3171],[5.7482,52.3068]]]]},"properties":{}},{"type":"Feature","geometry":{"type":"MultiPolygon","coordinates":[[[[5.606,52.3632],[5.6039,52.3617],[5.6014,52.3609],[5.6019,52.3615],[5.6009,52.3618],[5.5993,52.3616],[5.5957,52.3617],[5.5937,52.3621],[5.5933,52.3628],[5.5946,52.3633],[5.5985,52.3635],[5.606,52.3632]]],[[[5.68,52.376],[5.6984,52.3606],[5.7055,52.3399],[5.7128,52.3362],[5.6781,52.3015],[5.6303,52.3269],[5.6021,52.318],[5.5758,52.3266],[5.6114,52.3456],[5.6143,52.3568],[5.6248,52.3514],[5.6204,52.355],[5.6255,52.355],[5.6157,52.3567],[5.6194,52.36],[5.615,52.3572],[5.6189,52.3603],[5.614,52.3623],[5.6271,52.357],[5.6282,52.3644],[5.6405,52.3634],[5.6307,52.3659],[5.6533,52.3648],[5.6776,52.3787],[5.68,52.376]]]]},"properties":{}},{"type":"Feature","geometry":{"type":"MultiPolygon","coordinates":[[[[6.0405,52.5063],[6.0542,52.4998],[6.0714,52.4821],[6.0991,52.4703],[6.1035,52.454],[6.0227,52.4441],[6.0347,52.4617],[6.0359,52.4742],[6.0259,52.4833],[6.016,52.4827],[6.019,52.489],[6.0008,52.5001],[6.0279,52.5096],[6.0405,52.5063]]]]},"properties":{}},{"type":"Feature","geometry":{"type":"MultiPolygon","coordinates":[[[[6.0928,52.4548],[6.1035,52.454],[6.1023,52.4458],[6.1195,52.4329],[6.1108,52.4078],[6.1306,52.4],[6.1209,52.3795],[6.0825,52.3721],[6.0749,52.3619],[6.0418,52.3565],[6.0427,52.3635],[5.9913,52.3786],[5.951,52.3984],[5.9737,52.4098],[6.0178,52.4442],[6.0928,52.4548]]]]},"properties":{}},{"type":"Feature","geometry":{"type":"MultiPolygon","coordinates":[[[[5.8794,51.8083],[5.8934,51.7779],[5.8679,51.7755],[5.8692,51.7629],[5.8645,51.7577],[5.7693,51.7523],[5.7452,51.7591],[5.7297,51.7729],[5.734,51.7799],[5.7807,51.7842],[5.8009,51.7952],[5.8102,51.7906],[5.8409,51.8072],[5.8794,51.8083]]]]},"properties":{}},{"type":"Feature","geometry":{"type":"MultiPolygon","coordinates":[[[[6.386,52.2431],[6.4164,52.2422],[6.4293,52.2231],[6.4573,52.201],[6.4703,52.1994],[6.47,52.1927],[6.479,52.1826],[6.4924,52.1774],[6.4928,52.1694],[6.4838,52.1572],[6.4614,52.1521],[6.471,52.144],[6.4812,52.1425],[6.4921,52.124],[6.4785,52.1007],[6.4552,52.108],[6.424,52.0969],[6.3915,52.1131],[6.3984,52.1176],[6.3918,52.1237],[6.3958,52.1308],[6.3691,52.124],[6.3577,52.1303],[6.3577,52.1355],[6.3283,52.1377],[6.324,52.1528],[6.238,52.1461],[6.2353,52.1554],[6.2235,52.1538],[6.2072,52.1666],[6.1987,52.1629],[6.1915,52.1784],[6.1564,52.1936],[6.1582,52.1997],[6.184,52.2043],[6.1911,52.2106],[6.1893,52.2173],[6.1663,52.231],[6.1742,52.2328],[6.2169,52.2265],[6.2145,52.2313],[6.2713,52.2264],[6.2917,52.2309],[6.2979,52.2255],[6.3204,52.2257],[6.3387,52.2272],[6.3381,52.2362],[6.3497,52.2412],[6.3819,52.2461],[6.386,52.2431]]]]},"properties":{}},{"type":"Feature","geometry":{"type":"MultiPolygon","coordinates":[[[[5.4053,51.8347],[5.4162,51.8226],[5.4017,51.8209],[5.369,51.7898],[5.3576,51.7579],[5.3003,51.7373],[5.2757,51.7402],[5.2497,51.7336],[5.2221,51.7434],[5.1857,51.7419],[5.185,51.7536],[5.1746,51.7611],[5.1807,51.7666],[5.2699,51.7743],[5.2665,51.7931],[5.2884,51.7996],[5.281,51.8019],[5.2845,51.8065],[5.2817,51.8212],[5.3113,51.8231],[5.339,51.8066],[5.3541,51.8042],[5.3658,51.808],[5.3934,51.8338],[5.4006,51.8377],[5.4053,51.8347]]]]},"properties":{}},{"type":"Feature","geometry":{"type":"MultiPolygon","coordinates":[[[[5.4707,52.2633],[5.4761,52.2631],[5.4722,52.2613],[5.4786,52.2578],[5.4742,52.2565],[5.4837,52.2392],[5.5064,52.2316],[5.513,52.2357],[5.5499,52.2023],[5.6333,52.2082],[5.6349,52.2038],[5.6257,52.1928],[5.6186,52.1912],[5.6002,52.1977],[5.5777,52.1948],[5.5779,52.1862],[5.5645,52.1853],[5.5689,52.1779],[5.5489,52.1753],[5.5308,52.1915],[5.5212,52.1918],[5.4856,52.182],[5.4799,52.1658],[5.4436,52.1688],[5.4389,52.1729],[5.4406,52.2058],[5.4097,52.2186],[5.4072,52.2134],[5.3932,52.2206],[5.4036,52.2471],[5.4543,52.2535],[5.4642,52.2593],[5.4661,52.2555],[5.4707,52.2633]]]]},"properties":{}},{"type":"Feature","geometry":{"type":"MultiPolygon","coordinates":[[[[5.8571,51.8946],[5.8576,51.8884],[5.8715,51.8887],[5.8803,51.8692],[5.8868,51.8652],[5.8816,51.8591],[5.8874,51.8588],[5.8873,51.8497],[5.8804,51.8451],[5.8945,51.8406],[5.8959,51.8326],[5.9082,51.8294],[5.8805,51.8203],[5.8855,51.8102],[5.8409,51.8072],[5.8102,51.7906],[5.7922,51.7989],[5.7741,51.8216],[5.7576,51.824],[5.7751,51.8442],[5.7865,51.8409],[5.8073,51.8518],[5.8174,51.8495],[5.8257,51.8662],[5.8171,51.8703],[5.8316,51.8722],[5.8378,51.8834],[5.8302,51.8937],[5.8571,51.8946]]]]},"properties":{}},{"type":"Feature","geometry":{"type":"MultiPolygon","coordinates":[[[[5.9209,52.4826],[5.9256,52.4741],[5.9515,52.4841],[5.9583,52.4841],[5.9653,52.4764],[6.0008,52.5001],[6.019,52.489],[6.016,52.4827],[6.0329,52.4785],[6.0369,52.4703],[6.0227,52.4441],[5.9667,52.4056],[5.9243,52.3914],[5.906,52.4086],[5.9163,52.4129],[5.9,52.4198],[5.8688,52.4448],[5.8776,52.4531],[5.8424,52.4706],[5.8658,52.5187],[5.8762,52.522],[5.9016,52.5057],[5.9209,52.4826]]]]},"properties":{}},{"type":"Feature","geometry":{"type":"MultiPolygon","coordinates":[[[[5.5481,52.2918],[5.5875,52.2788],[5.6421,52.2707],[5.6772,52.2497],[5.6836,52.2406],[5.6813,52.2253],[5.6333,52.2082],[5.5499,52.2023],[5.513,52.2357],[5.5064,52.2316],[5.4837,52.2392],[5.4742,52.2565],[5.5019,52.2645],[5.5274,52.2637],[5.5481,52.2918]]]]},"properties":{}},{"type":"Feature","geometry":{"type":"MultiPolygon","coordinates":[[[[5.8134,52.0241],[5.803,52.0041],[5.8637,51.9958],[5.8674,51.9803],[5.8637,51.978],[5.8709,51.9751],[5.8595,51.9696],[5.8254,51.9732],[5.7825,51.9592],[5.7463,51.97],[5.7226,51.9641],[5.7136,51.9681],[5.7212,51.9809],[5.7166,51.9814],[5.7244,52.0007],[5.7359,52.0023],[5.7341,52.0064],[5.7451,52.0198],[5.8134,52.0241]]]]},"properties":{}},{"type":"Feature","geometry":{"type":"MultiPolygon","coordinates":[[[[6.0774,52.0836],[6.1034,52.0781],[6.121,52.0686],[6.1228,52.0632],[6.1375,52.0592],[6.1116,52.0447],[6.1133,52.0377],[6.1269,52.0324],[6.1323,52.0252],[6.126,52.0101],[6.1096,51.9964],[6.0879,51.9934],[6.078,52.0013],[6.0776,52.0096],[6.0574,52.014],[6.0332,51.9972],[6.0104,51.9947],[6.002,51.9806],[5.9903,51.9744],[5.9536,51.995],[5.9515,51.9996],[5.9745,52.0028],[5.9805,52.0184],[5.9958,52.0262],[5.978,52.0544],[6.0002,52.0544],[6.0061,52.0663],[6.0237,52.0673],[6.0618,52.0865],[6.0761,52.0875],[6.0774,52.0836]]]]},"properties":{}},{"type":"Feature","geometry":{"type":"MultiPolygon","coordinates":[[[[6.0039,52.0567],[5.978,52.0544],[5.9958,52.0262],[5.9805,52.0184],[5.9745,52.0028],[5.9515,51.9996],[5.9414,52.0115],[5.9371,52.0485],[5.9432,52.0623],[5.9559,52.0733],[5.9905,52.0792],[6.0088,52.074],[6.0039,52.0567]]]]},"properties":{}},{"type":"Feature","geometry":{"type":"MultiPolygon","coordinates":[[[[5.5174,52.1006],[5.5232,52.1043],[5.5392,52.0978],[5.5371,52.0886],[5.5309,52.0898],[5.5266,52.0849],[5.5311,52.0823],[5.5227,52.0775],[5.5099,52.0791],[5.4999,52.0713],[5.4839,52.0697],[5.4592,52.0802],[5.4861,52.0937],[5.4843,52.1055],[5.4939,52.1111],[5.5104,52.1078],[5.5174,52.1006]]]]},"properties":{}},{"type":"Feature","geometry":{"type":"MultiPolygon","coordinates":[[[[5.4534,51.9228],[5.4697,51.9199],[5.4672,51.9148],[5.4725,51.9081],[5.4556,51.9045],[5.4639,51.889],[5.4333,51.8771],[5.4152,51.8518],[5.3952,51.8529],[5.3784,51.8634],[5.3283,51.857],[5.3281,51.8645],[5.3449,51.8775],[5.3998,51.8986],[5.4113,51.912],[5.4238,51.9174],[5.4534,51.9228]]]]},"properties":{}},{"type":"Feature","geometry":{"type":"MultiPolygon","coordinates":[[[[6.0665,52.3178],[6.0797,52.3176],[6.0841,52.3017],[6.1013,52.3012],[6.1113,52.2882],[6.1124,52.2783],[6.1301,52.2607],[6.1239,52.2515],[6.1533,52.2471],[6.1422,52.2385],[6.1475,52.2278],[6.1622,52.2242],[6.1641,52.2174],[6.1687,52.2207],[6.1625,52.2279],[6.1679,52.2263],[6.163,52.2285],[6.1663,52.231],[6.1893,52.2173],[6.1911,52.2106],[6.184,52.2043],[6.1565,52.1977],[6.159,52.1901],[6.1936,52.1764],[6.1847,52.1612],[6.1441,52.1594],[6.0761,52.1439],[6.0643,52.1574],[6.0614,52.1739],[6.0494,52.1852],[6.0583,52.1962],[6.0469,52.2214],[6.0334,52.2241],[6.036,52.2319],[6.0248,52.2489],[6.0375,52.2609],[6.0364,52.2685],[6.0431,52.2689],[6.0433,52.2787],[6.0348,52.2948],[6.0529,52.3309],[6.0737,52.3306],[6.0665,52.3178]]]]},"properties":{}},{"type":"Feature","geometry":{"type":"MultiPolygon","coordinates":[[[[5.7205,51.991],[5.7166,51.9814],[5.7212,51.9809],[5.7136,51.9681],[5.7226,51.9641],[5.6819,51.9592],[5.666,51.9528],[5.6489,51.954],[5.6362,51.9367],[5.6059,51.9431],[5.6273,51.9525],[5.6203,51.9666],[5.6261,51.9741],[5.6068,51.9974],[5.6145,51.9996],[5.6193,51.9927],[5.6539,51.9952],[5.6754,51.991],[5.7244,52.0007],[5.7205,51.991]]]]},"properties":{}},{"type":"Feature","geometry":{"type":"MultiPolygon","coordinates":[[[[5.9749,51.9416],[5.9618,51.9388],[5.9501,51.9542],[5.9524,51.9646],[6.0031,51.9803],[5.9962,51.974],[5.984,51.9724],[5.9876,51.9504],[5.9844,51.943],[5.9749,51.9416]]]]},"properties":{}},{"type":"Feature","geometry":{"type":"MultiPolygon","coordinates":[[[[6.753,52.0284],[6.8114,51.9981],[6.8078,51.995],[6.8266,51.9935],[6.8304,51.9862],[6.8328,51.9718],[6.8285,51.9641],[6.7989,51.9587],[6.7973,51.9426],[6.786,51.9312],[6.7889,51.9297],[6.77,51.9162],[6.722,51.8961],[6.6977,51.9099],[6.6953,51.9159],[6.661,51.9156],[6.659,51.929],[6.646,51.9296],[6.632,51.9378],[6.6343,51.945],[6.6291,51.9501],[6.6392,51.9594],[6.6379,51.965],[6.6571,51.9776],[6.6527,51.9975],[6.6558,52.0136],[6.6836,52.0282],[6.6879,52.0399],[6.7141,52.0401],[6.753,52.0284]]]]},"properties":{}},{"type":"Feature","geometry":{"type":"MultiPolygon","coordinates":[[[[5.7647,51.8323],[5.7576,51.824],[5.7741,51.8216],[5.7922,51.7989],[5.8009,51.7952],[5.7807,51.7842],[5.734,51.7799],[5.7297,51.7729],[5.706,51.7763],[5.6858,51.7912],[5.6634,51.7945],[5.6413,51.8179],[5.6178,51.8201],[5.598,51.828],[5.609,51.831],[5.6066,51.8357],[5.6432,51.845],[5.6359,51.8475],[5.6401,51.856],[5.6362,51.8674],[5.6679,51.8659],[5.6796,51.8605],[5.6848,51.8488],[5.6781,51.8431],[5.7647,51.8323]]]]},"properties":{}},{"type":"Feature","geometry":{"type":"MultiPolygon","coordinates":[[[[5.1184,51.8179],[5.1405,51.8141],[5.1706,51.817],[5.2129,51.81],[5.2817,51.8212],[5.2845,51.8065],[5.281,51.8019],[5.2884,51.7996],[5.2665,51.7931],[5.2699,51.7743],[5.1807,51.7666],[5.1739,51.7641],[5.185,51.7536],[5.1857,51.7419],[5.1281,51.7376],[5.1263,51.745],[5.1427,51.7552],[5.1359,51.7603],[5.1376,51.7729],[5.1003,51.7872],[5.0699,51.7795],[5.0481,51.7981],[5.016,51.8082],[5.0004,51.8209],[5.0399,51.8173],[5.0825,51.8268],[5.1184,51.8179]]]]},"properties":{}},{"type":"Feature","geometry":{"type":"MultiPolygon","coordinates":[[[[6.078,52.0013],[6.0937,51.9928],[6.14,51.9971],[6.1498,52.0019],[6.1643,51.999],[6.1599,51.9978],[6.1605,51.981],[6.1292,51.9782],[6.1223,51.9715],[6.0904,51.9678],[6.0895,51.9635],[6.0914,51.9387],[6.1384,51.9155],[6.143,51.9185],[6.1433,51.9136],[6.1566,51.9112],[6.1679,51.9009],[6.1562,51.9052],[6.1257,51.8982],[6.1179,51.9017],[6.1035,51.8925],[6.1371,51.8858],[6.1445,51.8697],[6.1669,51.8616],[6.1636,51.8534],[6.1666,51.8407],[6.0896,51.8526],[6.0372,51.8754],[6.0218,51.8963],[5.9871,51.9133],[6.0375,51.914],[6.047,51.9253],[6.0424,51.9278],[6.0516,51.931],[6.053,51.9403],[6.0633,51.9491],[6.0527,51.9527],[6.0585,51.9583],[6.0608,51.9745],[6.0673,51.9753],[6.0686,51.9805],[6.0472,51.9806],[6.0269,51.9709],[6.0218,51.9782],[6.0017,51.9776],[6.0065,51.9913],[6.0153,51.9969],[6.0332,51.9972],[6.0481,52.0098],[6.0641,52.015],[6.0776,52.0096],[6.078,52.0013]]]]},"properties":{}},{"type":"Feature","geometry":{"type":"MultiPolygon","coordinates":[[[[6.1953,52.1656],[6.2072,52.1666],[6.2235,52.1538],[6.2353,52.1554],[6.238,52.1461],[6.324,52.1528],[6.3283,52.1377],[6.2775,52.1217],[6.2697,52.1116],[6.2339,52.1131],[6.2222,52.1067],[6.2245,52.1002],[6.2202,52.1003],[6.2195,52.0887],[6.2154,52.109],[6.1891,52.115],[6.1825,52.1262],[6.1835,52.1343],[6.1741,52.1394],[6.1734,52.145],[6.1506,52.144],[6.1404,52.1484],[6.1474,52.158],[6.1816,52.1527],[6.1867,52.1645],[6.1928,52.1698],[6.1953,52.1656]]]]},"properties":{}},{"type":"Feature","geometry":{"type":"MultiPolygon","coordinates":[[[[5.763,52.4007],[5.7707,52.3955],[5.8172,52.4016],[5.8214,52.391],[5.8648,52.3597],[5.876,52.3579],[5.8648,52.3513],[5.881,52.3352],[5.8408,52.3044],[5.8522,52.2801],[5.8482,52.2751],[5.8508,52.2687],[5.8214,52.2727],[5.7492,52.2683],[5.7465,52.2717],[5.7555,52.2779],[5.7447,52.2882],[5.7438,52.298],[5.7507,52.3171],[5.7062,52.3284],[5.7128,52.3362],[5.7055,52.3399],[5.6984,52.3606],[5.6789,52.3788],[5.6999,52.3812],[5.7569,52.4069],[5.763,52.4007]]]]},"properties":{}},{"type":"Feature","geometry":{"type":"MultiPolygon","coordinates":[[[[5.8635,52.5204],[5.8588,52.5191],[5.8587,52.5198],[5.8596,52.5199],[5.8629,52.5209],[5.8635,52.5204]]],[[[5.8604,52.5214],[5.86,52.5203],[5.8592,52.5204],[5.8586,52.5246],[5.8586,52.5246],[5.8586,52.5246],[5.8605,52.5259],[5.8615,52.5256],[5.8626,52.5233],[5.8621,52.5219],[5.8604,52.5214]]],[[[5.7579,52.5908],[5.7396,52.591],[5.7348,52.6023],[5.7549,52.602],[5.7579,52.5908]]],[[[5.7568,52.5806],[5.809,52.5789],[5.8576,52.5457],[5.8575,52.5192],[5.8475,52.4935],[5.8174,52.4573],[5.7779,52.4283],[5.7438,52.4137],[5.7201,52.4161],[5.6615,52.3979],[5.6136,52.371],[5.623,52.4088],[5.5891,52.4112],[5.5666,52.4359],[5.5864,52.4477],[5.5654,52.4703],[5.6059,52.4845],[5.5914,52.5],[5.5874,52.5635],[5.5729,52.5962],[5.6283,52.6054],[5.65,52.6156],[5.64,52.6079],[5.6548,52.5973],[5.7568,52.5806]]]]},"properties":{}},{"type":"Feature","geometry":{"type":"MultiPolygon","coordinates":[[[[5.3955,52.2192],[5.4072,52.2134],[5.4097,52.2186],[5.4406,52.2058],[5.4399,52.1712],[5.4799,52.1658],[5.4724,52.1629],[5.4843,52.1581],[5.4813,52.1505],[5.4596,52.1529],[5.439,52.1614],[5.4178,52.1548],[5.4094,52.1404],[5.3981,52.1335],[5.3744,52.131],[5.3556,52.1368],[5.334,52.1204],[5.3109,52.1084],[5.3065,52.1103],[5.3313,52.1266],[5.3387,52.1601],[5.3435,52.1603],[5.3499,52.1739],[5.3102,52.192],[5.3143,52.203],[5.3307,52.2034],[5.3305,52.2147],[5.3927,52.2055],[5.3955,52.2192]]]]},"properties":{}},{"type":"Feature","geometry":{"type":"MultiPolygon","coordinates":[[[[5.3353,52.2263],[5.3279,52.2094],[5.3307,52.2034],[5.3088,52.2045],[5.2702,52.1885],[5.239,52.1676],[5.236,52.1711],[5.2363,52.1675],[5.2239,52.1654],[5.221,52.1783],[5.2121,52.1764],[5.2141,52.1992],[5.2247,52.2252],[5.301,52.2235],[5.3064,52.2195],[5.3146,52.2245],[5.3066,52.2303],[5.3123,52.2328],[5.3353,52.2263]]]]},"properties":{}},{"type":"Feature","geometry":{"type":"MultiPolygon","coordinates":[[[[5.216,52.1881],[5.2121,52.1764],[5.221,52.1783],[5.2227,52.1747],[5.2309,52.1168],[5.2182,52.1137],[5.2223,52.1039],[5.2108,52.1007],[5.2106,52.0903],[5.2055,52.0849],[5.1898,52.0863],[5.1827,52.0943],[5.1613,52.0944],[5.1563,52.0984],[5.1619,52.1072],[5.1504,52.1109],[5.1467,52.1204],[5.1071,52.1332],[5.1205,52.1455],[5.0949,52.1553],[5.1188,52.1724],[5.1153,52.1798],[5.1926,52.1778],[5.2155,52.2043],[5.216,52.1881]]]]},"properties":{}},{"type":"Feature","geometry":{"type":"MultiPolygon","coordinates":[[[[5.1624,52.0786],[5.2005,52.0768],[5.225,52.0649],[5.2191,52.0598],[5.2474,52.0586],[5.2515,52.0533],[5.2495,52.041],[5.2586,52.0373],[5.2575,52.0327],[5.2693,52.0292],[5.2632,52.0244],[5.2799,52.0107],[5.2775,52.0001],[5.2716,51.9978],[5.2647,52.0032],[5.2432,51.9988],[5.2294,52.0112],[5.2022,52.0174],[5.2009,52.0317],[5.1895,52.037],[5.1915,52.043],[5.1607,52.0455],[5.153,52.0568],[5.1578,52.0583],[5.1557,52.0714],[5.1624,52.0786]]]]},"properties":{}},{"type":"Feature","geometry":{"type":"MultiPolygon","coordinates":[[[[5.3312,52.2736],[5.3633,52.2685],[5.4036,52.2471],[5.3932,52.2206],[5.3927,52.2055],[5.3305,52.2147],[5.3355,52.2285],[5.3123,52.2328],[5.3107,52.2463],[5.3141,52.252],[5.3286,52.2553],[5.322,52.2623],[5.3312,52.2736]]]]},"properties":{}},{"type":"Feature","geometry":{"type":"MultiPolygon","coordinates":[[[[5.2787,52.2805],[5.3312,52.2736],[5.322,52.2623],[5.3286,52.2553],[5.3141,52.252],[5.3107,52.2463],[5.3134,52.2353],[5.3066,52.2303],[5.3132,52.222],[5.2229,52.2253],[5.2658,52.2816],[5.2787,52.2805]]]]},"properties":{}},{"type":"Feature","geometry":{"type":"MultiPolygon","coordinates":[[[[5.153,52.0568],[5.1607,52.0455],[5.1915,52.043],[5.1895,52.037],[5.2009,52.0317],[5.2022,52.0174],[5.2294,52.0112],[5.2454,51.996],[5.2561,51.9936],[5.2541,51.9861],[5.2714,51.9811],[5.2563,51.9709],[5.2465,51.9775],[5.233,51.9776],[5.2191,51.9634],[5.206,51.9594],[5.1497,51.9743],[5.1397,51.9939],[5.1196,51.9999],[5.131,52.0247],[5.1218,52.0304],[5.1297,52.0499],[5.1247,52.0499],[5.1268,52.0549],[5.1457,52.0526],[5.153,52.0568]]]]},"properties":{}},{"type":"Feature","geometry":{"type":"MultiPolygon","coordinates":[[[[5.5,52.141],[5.5141,52.1359],[5.4979,52.1303],[5.4947,52.1247],[5.4969,52.1196],[5.5054,52.1198],[5.5077,52.1139],[5.4791,52.1174],[5.476,52.105],[5.4675,52.1004],[5.4438,52.1071],[5.4297,52.0959],[5.4045,52.1041],[5.4012,52.0893],[5.3343,52.0963],[5.3109,52.1084],[5.3556,52.1368],[5.3744,52.131],[5.3981,52.1335],[5.4094,52.1404],[5.4178,52.1548],[5.439,52.1614],[5.4596,52.1529],[5.499,52.1474],[5.5,52.141]]]]},"properties":{}},{"type":"Feature","geometry":{"type":"MultiPolygon","coordinates":[[[[5.0239,52.0199],[5.034,52.0039],[5.0425,52.0057],[5.0626,51.9912],[5.0328,51.9697],[5.0022,51.9782],[4.987,51.9733],[4.9681,51.9593],[4.9398,51.9634],[4.914,51.9424],[4.8778,51.938],[4.8604,51.968],[4.8341,51.9856],[4.9097,52.011],[5.0204,52.0256],[5.0239,52.0199]]]]},"properties":{}},{"type":"Feature","geometry":{"type":"MultiPolygon","coordinates":[[[[4.9457,52.0756],[4.9571,52.0659],[4.9958,52.0673],[5.018,52.0622],[5.0103,52.0537],[4.9911,52.0529],[4.9833,52.0402],[4.9784,52.0397],[4.9831,52.0278],[4.994,52.0297],[4.9952,52.0217],[4.92,52.01],[4.905,52.0265],[4.9264,52.0285],[4.9114,52.0402],[4.9171,52.0438],[4.9065,52.0535],[4.8954,52.0482],[4.8682,52.0634],[4.8732,52.0687],[4.9055,52.0701],[4.9308,52.0793],[4.9457,52.0756]]]]},"properties":{}},{"type":"Feature","geometry":{"type":"MultiPolygon","coordinates":[[[[5.5503,52.1054],[5.5549,52.0865],[5.5627,52.0783],[5.5578,52.0487],[5.5446,52.0494],[5.5409,52.0428],[5.5314,52.0395],[5.5164,52.0478],[5.5157,52.0542],[5.4979,52.057],[5.4961,52.0717],[5.5099,52.0791],[5.5227,52.0775],[5.5311,52.0823],[5.5266,52.0849],[5.5309,52.0898],[5.5371,52.0886],[5.5392,52.0978],[5.5315,52.1023],[5.5503,52.1054]]]]},"properties":{}},{"type":"Feature","geometry":{"type":"MultiPolygon","coordinates":[[[[5.5483,52.0016],[5.5532,51.999],[5.558,52.0036],[5.5705,51.997],[5.5895,52.0095],[5.592,52.0014],[5.61,51.9937],[5.6151,51.9827],[5.6261,51.9741],[5.6203,51.9666],[5.6273,51.9525],[5.6059,51.9431],[5.5569,51.9557],[5.5375,51.9683],[5.4777,51.9835],[5.4803,51.9911],[5.4846,51.9878],[5.4909,51.9966],[5.4942,51.9949],[5.5126,52.0185],[5.5335,52.0124],[5.5483,52.0016]]]]},"properties":{}},{"type":"Feature","geometry":{"type":"MultiPolygon","coordinates":[[[[5.3088,52.2045],[5.3143,52.203],[5.3102,52.192],[5.3499,52.1739],[5.3435,52.1603],[5.3387,52.1601],[5.3313,52.1266],[5.3065,52.1103],[5.2918,52.1145],[5.2822,52.1121],[5.2719,52.127],[5.2641,52.1251],[5.2562,52.1364],[5.2548,52.1495],[5.2432,52.1701],[5.2702,52.1885],[5.3088,52.2045]]]]},"properties":{}},{"type":"Feature","geometry":{"type":"MultiPolygon","coordinates":[[[[5.0325,52.1168],[5.0476,52.13],[5.0612,52.1226],[5.0872,52.1357],[5.1011,52.1298],[5.1071,52.1332],[5.1467,52.1204],[5.1504,52.1109],[5.1619,52.1072],[5.1564,52.0981],[5.1862,52.0929],[5.1952,52.0773],[5.1669,52.0767],[5.1607,52.0806],[5.1557,52.0714],[5.1578,52.0583],[5.1457,52.0526],[5.1113,52.0583],[5.1044,52.0499],[5.0974,52.0595],[5.0696,52.0614],[5.061,52.0263],[5.0456,52.0348],[5.018,52.0622],[4.9995,52.0661],[5.005,52.0885],[4.9942,52.0904],[4.9893,52.1008],[4.9734,52.1012],[4.9802,52.1122],[4.9701,52.1224],[4.9739,52.1297],[5.0031,52.1421],[5.0121,52.1297],[5.0325,52.1168]]]]},"properties":{}},{"type":"Feature","geometry":{"type":"MultiPolygon","coordinates":[[[[5.5545,52.0492],[5.5709,52.048],[5.5674,52.0406],[5.59,52.0344],[5.586,52.0118],[5.5895,52.0095],[5.5705,51.997],[5.558,52.0036],[5.5532,51.999],[5.5335,52.0124],[5.5126,52.0185],[5.5293,52.0402],[5.5388,52.0413],[5.5446,52.0494],[5.5545,52.0492]]]]},"properties":{}},{"type":"Feature","geometry":{"type":"MultiPolygon","coordinates":[[[[5.4843,52.1055],[5.4861,52.0937],[5.4592,52.0802],[5.4839,52.0697],[5.4961,52.0717],[5.4979,52.057],[5.4611,52.0473],[5.4539,52.0498],[5.4486,52.0432],[5.4352,52.0479],[5.4283,52.0563],[5.4365,52.0616],[5.4355,52.0729],[5.4224,52.073],[5.4019,52.0643],[5.3995,52.0692],[5.4059,52.0752],[5.3323,52.0842],[5.2983,52.0964],[5.3225,52.1019],[5.3406,52.095],[5.4013,52.0893],[5.4045,52.1041],[5.4297,52.0959],[5.4438,52.1071],[5.4675,52.1004],[5.476,52.105],[5.4791,52.1174],[5.4939,52.1128],[5.4843,52.1055]]]]},"properties":{}},{"type":"Feature","geometry":{"type":"MultiPolygon","coordinates":[[[[5.3637,52.01],[5.3816,52.0021],[5.3989,52.0029],[5.4153,51.9967],[5.3994,51.9879],[5.3784,51.9861],[5.3876,51.9763],[5.3942,51.9759],[5.391,51.9707],[5.3556,51.9704],[5.3234,51.9551],[5.2563,51.9709],[5.2714,51.9811],[5.2541,51.9861],[5.2561,51.9936],[5.2424,51.9987],[5.2647,52.0032],[5.2745,51.9984],[5.2799,52.0107],[5.2912,52.0084],[5.3146,52.027],[5.3443,52.0202],[5.3637,52.01]]]]},"properties":{}},{"type":"Feature","geometry":{"type":"MultiPolygon","coordinates":[[[[5.0174,52.061],[5.0514,52.0301],[5.0628,52.0268],[5.0775,51.9975],[5.0626,51.9912],[5.0425,52.0057],[5.034,52.0039],[5.0204,52.0256],[4.9952,52.0217],[4.994,52.0297],[4.9831,52.0278],[4.9784,52.0397],[4.9833,52.0402],[4.9903,52.0524],[5.0103,52.0537],[5.0174,52.061]]]]},"properties":{}},{"type":"Feature","geometry":{"type":"MultiPolygon","coordinates":[[[[5.2384,52.1678],[5.2432,52.1701],[5.2641,52.1251],[5.2719,52.127],[5.2822,52.1121],[5.2918,52.1145],[5.3225,52.1019],[5.2983,52.0964],[5.3323,52.0842],[5.3326,52.0788],[5.3204,52.0703],[5.2912,52.0864],[5.2474,52.0586],[5.2191,52.0598],[5.225,52.0649],[5.1952,52.0773],[5.1928,52.0861],[5.2055,52.0849],[5.2106,52.0903],[5.2108,52.1007],[5.2223,52.1039],[5.2182,52.1137],[5.2309,52.1168],[5.225,52.1657],[5.2363,52.1675],[5.236,52.1711],[5.2384,52.1678]]]]},"properties":{}},{"type":"Feature","geometry":{"type":"MultiPolygon","coordinates":[[[[5.09,52.0607],[5.0974,52.0595],[5.1044,52.0499],[5.1113,52.0583],[5.1268,52.0549],[5.1247,52.0499],[5.1297,52.0499],[5.1218,52.0304],[5.131,52.0247],[5.1196,51.9999],[5.0728,52.0003],[5.0749,52.0036],[5.0629,52.0252],[5.0651,52.055],[5.0696,52.0614],[5.09,52.0607]]]]},"properties":{}},{"type":"Feature","geometry":{"type":"MultiPolygon","coordinates":[[[[4.7829,52.2551],[4.7679,52.247],[4.7733,52.241],[4.7233,52.2164],[4.7242,52.2324],[4.7044,52.2338],[4.6767,52.2259],[4.6703,52.2308],[4.6812,52.2391],[4.7019,52.2445],[4.7298,52.2652],[4.7799,52.2831],[4.7957,52.2993],[4.8099,52.3058],[4.8238,52.29],[4.7946,52.2601],[4.7829,52.2551]]]]},"properties":{}},{"type":"Feature","geometry":{"type":"MultiPolygon","coordinates":[[[[4.778,52.6643],[4.7737,52.6484],[4.8005,52.6602],[4.7853,52.6381],[4.8302,52.6327],[4.8385,52.6461],[4.8427,52.6459],[4.8639,52.6354],[4.8814,52.6334],[4.8894,52.6239],[4.884,52.6131],[4.922,52.6115],[4.9269,52.6067],[4.9154,52.6086],[4.8935,52.5978],[4.8847,52.5842],[4.8657,52.5738],[4.8613,52.5623],[4.8423,52.5435],[4.8339,52.539],[4.8244,52.5426],[4.817,52.5356],[4.8244,52.5338],[4.8202,52.5312],[4.7825,52.5196],[4.7777,52.5337],[4.7816,52.5571],[4.7451,52.5669],[4.7565,52.5916],[4.7375,52.5939],[4.7333,52.6075],[4.7394,52.6139],[4.7083,52.6309],[4.7128,52.6462],[4.7227,52.6494],[4.7312,52.6616],[4.7426,52.6612],[4.749,52.666],[4.7524,52.6714],[4.7417,52.6808],[4.779,52.6765],[4.7745,52.6653],[4.778,52.6643]]]]},"properties":{}},{"type":"Feature","geometry":{"type":"MultiPolygon","coordinates":[[[[4.8559,52.3303],[4.8568,52.3214],[4.8963,52.3224],[4.9091,52.3183],[4.9054,52.316],[4.9078,52.307],[4.8986,52.2993],[4.901,52.2961],[4.8915,52.2945],[4.8788,52.2789],[4.8823,52.264],[4.8549,52.2421],[4.7947,52.2607],[4.8238,52.29],[4.8099,52.3058],[4.8172,52.312],[4.8188,52.3256],[4.8559,52.3303]]]]},"properties":{}},{"type":"Feature","geometry":{"type":"MultiPolygon","coordinates":[[[[4.9896,52.3275],[4.9979,52.314],[5.0179,52.3232],[5.0173,52.3302],[5.0216,52.3309],[5.0615,52.3237],[5.0583,52.3163],[5.0647,52.322],[5.0931,52.3142],[5.1006,52.3103],[5.0968,52.3004],[5.1077,52.2973],[5.0985,52.2916],[5.1043,52.2833],[5.1021,52.2799],[5.0649,52.2783],[5.0655,52.2852],[5.0595,52.2893],[5.0428,52.2825],[5.0305,52.2885],[5.0244,52.2814],[5.0215,52.3025],[5.0143,52.3037],[4.9975,52.2891],[4.9835,52.2904],[4.9676,52.2796],[4.9552,52.2783],[4.9294,52.3078],[4.9398,52.3171],[4.938,52.3241],[4.9477,52.3281],[4.9527,52.3226],[4.9777,52.331],[4.9896,52.3275]]],[[[5.0075,52.3444],[5.0051,52.3442],[4.9994,52.3463],[4.9983,52.3485],[5.005,52.3461],[5.0075,52.3444]]],[[[5.0127,52.3673],[5.002,52.3663],[5.0016,52.3668],[5.0145,52.368],[5.0127,52.3673]]],[[[5.0145,52.3718],[5.0141,52.3717],[5.0132,52.3717],[5.0125,52.3724],[5.013,52.373],[5.0132,52.3731],[5.0146,52.373],[5.0148,52.3726],[5.0145,52.3718]]],[[[4.7532,52.4292],[4.8561,52.4167],[4.8579,52.4247],[4.866,52.4307],[4.8987,52.4245],[4.9307,52.4116],[4.9448,52.415],[4.9523,52.4235],[4.9826,52.4268],[4.9871,52.4228],[5.0003,52.4254],[5.0284,52.4194],[5.03,52.4156],[5.0683,52.4166],[5.0522,52.4132],[5.0313,52.4007],[5.0249,52.3879],[5.0109,52.3831],[5.0117,52.3736],[4.9936,52.3783],[4.9983,52.3798],[4.9801,52.3737],[4.974,52.3794],[4.9741,52.3719],[4.9803,52.369],[4.9733,52.3676],[4.9908,52.3638],[4.9862,52.3603],[5.0213,52.3541],[5.0091,52.345],[4.9861,52.3598],[4.9754,52.3608],[4.9744,52.3658],[4.969,52.3609],[4.9857,52.3576],[5.0025,52.3441],[5.0123,52.3438],[4.9993,52.3415],[4.9696,52.3561],[4.9499,52.3385],[4.9129,52.3305],[4.9139,52.3246],[4.9103,52.3236],[4.9143,52.3204],[4.9091,52.3183],[4.8963,52.3224],[4.8568,52.3214],[4.8559,52.3303],[4.8188,52.3256],[4.7557,52.3562],[4.7579,52.3966],[4.7288,52.4007],[4.7392,52.4311],[4.7532,52.4292]],[[4.9612,52.3818],[4.9736,52.3722],[4.9728,52.3798],[4.9612,52.3818]],[[4.958,52.3684],[4.9683,52.361],[4.9702,52.3649],[4.9692,52.3686],[4.958,52.3684]]]]},"properties":{}},{"type":"Feature","geometry":{"type":"MultiPolygon","coordinates":[[[[4.6592,52.7473],[4.6904,52.7326],[4.7158,52.71],[4.7206,52.6971],[4.7524,52.6714],[4.7459,52.6631],[4.7312,52.6616],[4.7227,52.6494],[4.7128,52.6462],[4.7083,52.6309],[4.7146,52.6248],[4.708,52.6203],[4.69,52.6238],[4.6855,52.6193],[4.6744,52.6038],[4.6726,52.5909],[4.655,52.5829],[4.61,52.5737],[4.6376,52.7075],[4.6366,52.7287],[4.6458,52.7566],[4.6592,52.7473]]]]},"properties":{}},{"type":"Feature","geometry":{"type":"MultiPolygon","coordinates":[[[[4.6699,52.4984],[4.708,52.4863],[4.6978,52.471],[4.6748,52.4555],[4.6619,52.4618],[4.6676,52.4684],[4.6533,52.4772],[4.6136,52.4838],[4.604,52.4815],[4.5813,52.4893],[4.5866,52.4992],[4.6043,52.4944],[4.6661,52.5017],[4.6699,52.4984]]]]},"properties":{}},{"type":"Feature","geometry":{"type":"MultiPolygon","coordinates":[[[[5.3263,52.2908],[5.3155,52.2949],[5.3242,52.2949],[5.3263,52.2908]]],[[[5.3139,52.3031],[5.3172,52.3006],[5.3083,52.2998],[5.2955,52.29],[5.3065,52.2776],[5.2658,52.2816],[5.2441,52.2547],[5.226,52.2682],[5.2255,52.2729],[5.2038,52.2671],[5.211,52.2774],[5.2276,52.2771],[5.2777,52.2961],[5.3139,52.3031]]]]},"properties":{}},{"type":"Feature","geometry":{"type":"MultiPolygon","coordinates":[[[[4.6172,52.4251],[4.625,52.4235],[4.6276,52.4126],[4.6316,52.4117],[4.6216,52.388],[4.6108,52.3898],[4.6005,52.3829],[4.5996,52.3772],[4.6073,52.367],[4.5902,52.3284],[4.6114,52.3222],[4.6117,52.3136],[4.5834,52.3184],[4.5691,52.3165],[4.5637,52.3093],[4.5473,52.314],[4.5917,52.3917],[4.5413,52.4014],[4.5596,52.4379],[4.6172,52.4251]]]]},"properties":{}},{"type":"Feature","geometry":{"type":"MultiPolygon","coordinates":[[[[4.7565,52.5916],[4.7447,52.5679],[4.7816,52.5571],[4.7777,52.5337],[4.7553,52.5357],[4.7237,52.5467],[4.7198,52.5439],[4.7188,52.5516],[4.6945,52.5442],[4.6957,52.5267],[4.66,52.5318],[4.5983,52.5311],[4.61,52.5737],[4.655,52.5829],[4.6726,52.5909],[4.6716,52.5873],[4.6911,52.5796],[4.74,52.5789],[4.7445,52.5903],[4.7565,52.5916]]]]},"properties":{}},{"type":"Feature","geometry":{"type":"MultiPolygon","coordinates":[[[[4.9725,52.3555],[4.9993,52.3415],[5.0269,52.3488],[5.0349,52.3445],[5.0128,52.3302],[5.0161,52.3245],[4.9981,52.314],[4.9839,52.3307],[4.9527,52.3226],[4.9447,52.3271],[4.9497,52.3387],[4.9659,52.3547],[4.9725,52.3555]]]]},"properties":{}},{"type":"Feature","geometry":{"type":"MultiPolygon","coordinates":[[[[5.0233,52.5914],[5.0326,52.5736],[5.0312,52.5675],[5.0427,52.561],[5.0664,52.5228],[5.075,52.5191],[5.0857,52.5038],[5.077,52.4926],[5.0595,52.4856],[5.0591,52.491],[5.0246,52.4849],[4.998,52.4947],[5.0247,52.5224],[5.0088,52.5277],[4.992,52.5198],[4.957,52.5291],[4.9757,52.5454],[4.9765,52.5612],[4.9972,52.5751],[4.9801,52.587],[4.9552,52.58],[4.9498,52.5953],[5.0049,52.5976],[5.0067,52.6105],[5.0197,52.6125],[5.0233,52.5914]]]]},"properties":{}},{"type":"Feature","geometry":{"type":"MultiPolygon","coordinates":[[[[5.2543,52.747],[5.2827,52.7423],[5.288,52.7148],[5.3075,52.7068],[5.3001,52.7079],[5.2993,52.7027],[5.2796,52.696],[5.2874,52.6912],[5.276,52.6841],[5.2861,52.6904],[5.2592,52.6869],[5.2543,52.747]]],[[[5.2352,52.7934],[5.2181,52.8019],[5.2225,52.8051],[5.2379,52.7954],[5.2352,52.7934]]]]},"properties":{}},{"type":"Feature","geometry":{"type":"MultiPolygon","coordinates":[[[[4.6721,52.4224],[4.6812,52.4193],[4.6825,52.4138],[4.672,52.4094],[4.6744,52.4065],[4.6687,52.4014],[4.6787,52.3995],[4.6745,52.3909],[4.6869,52.3874],[4.6714,52.3704],[4.6756,52.3529],[4.6396,52.3389],[4.6366,52.3615],[4.6057,52.3634],[4.6005,52.3829],[4.6108,52.3898],[4.6216,52.388],[4.6316,52.4117],[4.6361,52.4108],[4.6508,52.4286],[4.6721,52.4224]]]]},"properties":{}},{"type":"Feature","geometry":{"type":"MultiPolygon","coordinates":[[[[4.7579,52.3966],[4.7557,52.3562],[4.8171,52.3269],[4.8171,52.3118],[4.7957,52.2993],[4.7799,52.2831],[4.7298,52.2652],[4.7019,52.2445],[4.6326,52.2162],[4.6028,52.2146],[4.5539,52.2222],[4.5505,52.2267],[4.5623,52.2338],[4.5651,52.2414],[4.5683,52.2686],[4.5889,52.2811],[4.6115,52.3122],[4.6117,52.3254],[4.6166,52.3315],[4.6756,52.3529],[4.6714,52.3704],[4.6869,52.3874],[4.6745,52.3909],[4.6787,52.3995],[4.6687,52.4014],[4.6744,52.4065],[4.672,52.4094],[4.722,52.4333],[4.7392,52.4311],[4.7288,52.4007],[4.7579,52.3966]]]]},"properties":{}},{"type":"Feature","geometry":{"type":"MultiPolygon","coordinates":[[[[4.66,52.5318],[4.6957,52.5267],[4.6906,52.5191],[4.6946,52.5076],[4.7092,52.5099],[4.7054,52.5001],[4.7204,52.495],[4.708,52.4863],[4.678,52.4934],[4.6661,52.5017],[4.6043,52.4944],[4.5866,52.4992],[4.5983,52.5311],[4.66,52.5318]]]]},"properties":{}},{"type":"Feature","geometry":{"type":"MultiPolygon","coordinates":[[[[4.6177,52.3615],[4.6366,52.3615],[4.6396,52.3389],[4.6201,52.3337],[4.6114,52.3222],[4.5902,52.3284],[4.6057,52.3634],[4.6177,52.3615]]]]},"properties":{}},{"type":"Feature","geometry":{"type":"MultiPolygon","coordinates":[[[[4.7215,52.6225],[4.7394,52.6139],[4.7333,52.6075],[4.7375,52.5939],[4.7521,52.5919],[4.7445,52.5903],[4.74,52.5789],[4.6911,52.5796],[4.6706,52.5887],[4.674,52.5899],[4.6744,52.6038],[4.69,52.6238],[4.7215,52.6225]]]]},"properties":{}},{"type":"Feature","geometry":{"type":"MultiPolygon","coordinates":[[[[4.785,52.9658],[4.7748,52.9606],[4.788,52.9492],[4.7782,52.9594],[4.7856,52.9543],[4.7944,52.9555],[4.793,52.9586],[4.7981,52.9596],[4.7897,52.9628],[4.8013,52.9645],[4.8017,52.9531],[4.7913,52.9362],[4.8033,52.9174],[4.81,52.9144],[4.8045,52.9105],[4.7949,52.9126],[4.7709,52.8786],[4.709,52.8836],[4.7134,52.9323],[4.7194,52.9511],[4.7308,52.9626],[4.785,52.9658]]]]},"properties":{}},{"type":"Feature","geometry":{"type":"MultiPolygon","coordinates":[[[[5.1272,52.2786],[5.1439,52.2743],[5.1376,52.2596],[5.1618,52.2599],[5.1621,52.2558],[5.1831,52.2646],[5.2038,52.2671],[5.1889,52.2477],[5.1994,52.2402],[5.219,52.2121],[5.1926,52.1778],[5.1241,52.1808],[5.1219,52.1856],[5.1457,52.1979],[5.1424,52.2087],[5.1223,52.2208],[5.1418,52.2255],[5.1423,52.2433],[5.1365,52.2596],[5.1256,52.2602],[5.1192,52.2735],[5.1029,52.2776],[5.1021,52.2817],[5.1074,52.2855],[5.1272,52.2786]]]]},"properties":{}},{"type":"Feature","geometry":{"type":"MultiPolygon","coordinates":[[[[5.0867,52.6844],[5.0988,52.6713],[5.0962,52.6698],[5.1194,52.6512],[5.102,52.647],[5.106,52.6356],[5.0887,52.6425],[5.0834,52.6416],[5.0878,52.6378],[5.0769,52.6413],[5.0681,52.6348],[5.0636,52.6376],[5.0665,52.6408],[5.063,52.6335],[5.0582,52.6368],[5.0604,52.6331],[5.0522,52.6414],[5.0457,52.6416],[5.0135,52.6304],[5.0183,52.6383],[5.0381,52.649],[5.0355,52.6705],[5.0635,52.6731],[5.0623,52.6767],[5.0867,52.6844]]]]},"properties":{}},{"type":"Feature","geometry":{"type":"MultiPolygon","coordinates":[[[[5.2527,52.3101],[5.2878,52.2976],[5.2276,52.2771],[5.211,52.2774],[5.2038,52.2671],[5.1847,52.278],[5.1945,52.2809],[5.1954,52.2886],[5.1871,52.2926],[5.1959,52.2951],[5.1978,52.3003],[5.2296,52.3017],[5.2285,52.3113],[5.2442,52.3119],[5.2422,52.3057],[5.247,52.3123],[5.2516,52.309],[5.2491,52.3158],[5.2527,52.3101]]]]},"properties":{}},{"type":"Feature","geometry":{"type":"MultiPolygon","coordinates":[[[[4.9321,52.4875],[4.9488,52.4866],[4.9507,52.4236],[4.9448,52.415],[4.9307,52.4116],[4.8987,52.4245],[4.8931,52.4541],[4.9082,52.4831],[4.9207,52.4904],[4.9321,52.4875]]]]},"properties":{}},{"type":"Feature","geometry":{"type":"MultiPolygon","coordinates":[[[[5.226,52.2682],[5.2451,52.2544],[5.2229,52.2253],[5.219,52.2121],[5.1994,52.2402],[5.1889,52.2477],[5.2038,52.2671],[5.2255,52.2729],[5.226,52.2682]]]]},"properties":{}},{"type":"Feature","geometry":{"type":"MultiPolygon","coordinates":[[[[5.1466,52.7456],[5.1489,52.7436],[5.1415,52.7477],[5.1466,52.7456]]],[[[5.1126,52.7739],[5.1094,52.7695],[5.1136,52.7741],[5.1204,52.768],[5.1185,52.7646],[5.1239,52.7649],[5.1189,52.7599],[5.1489,52.7431],[5.1477,52.7393],[5.176,52.7396],[5.1929,52.755],[5.2583,52.7535],[5.27,52.7475],[5.2584,52.7457],[5.272,52.7463],[5.2543,52.747],[5.2575,52.7162],[5.2104,52.7168],[5.0918,52.6789],[5.0826,52.684],[5.0623,52.6767],[5.0635,52.6731],[5.0355,52.6705],[5.0348,52.6666],[5.0213,52.6644],[5.0034,52.6705],[5.0024,52.6749],[4.983,52.6751],[4.9792,52.6797],[4.9861,52.6989],[4.9719,52.7121],[4.9845,52.7169],[4.9883,52.7134],[5.0112,52.7229],[4.9964,52.7386],[4.9969,52.7521],[5.045,52.7531],[5.0697,52.7681],[5.1126,52.7739]],[[5.1032,52.77],[5.1087,52.7696],[5.1079,52.7704],[5.1032,52.771],[5.1032,52.77]]]]},"properties":{}},{"type":"Feature","geometry":{"type":"MultiPolygon","coordinates":[[[[4.9065,52.4798],[4.8933,52.4573],[4.8987,52.4245],[4.8618,52.4297],[4.843,52.4523],[4.8525,52.4704],[4.8626,52.4685],[4.8905,52.479],[4.9065,52.4798]]]]},"properties":{}},{"type":"Feature","geometry":{"type":"MultiPolygon","coordinates":[[[[4.955,52.7541],[4.9969,52.7521],[4.9964,52.7386],[5.0112,52.7229],[4.9883,52.7134],[4.9845,52.7169],[4.9719,52.7121],[4.9861,52.6989],[4.9768,52.6774],[4.9706,52.6796],[4.9527,52.6718],[4.9056,52.6864],[4.9181,52.6969],[4.8999,52.6976],[4.8987,52.7068],[4.9314,52.742],[4.9328,52.7489],[4.955,52.7541]]]]},"properties":{}},{"type":"Feature","geometry":{"type":"MultiPolygon","coordinates":[[[[4.9504,52.3378],[4.946,52.3338],[4.9489,52.3315],[4.938,52.3241],[4.9387,52.3151],[4.9293,52.3085],[4.9552,52.2783],[4.9264,52.2797],[4.9294,52.2684],[4.911,52.2527],[4.8723,52.2512],[4.8733,52.2606],[4.8823,52.264],[4.8788,52.2789],[4.8915,52.2945],[4.901,52.2961],[4.8996,52.301],[4.9078,52.307],[4.9054,52.316],[4.9143,52.3204],[4.9103,52.3236],[4.9139,52.3246],[4.9129,52.3305],[4.9285,52.3366],[4.9504,52.3378]]]]},"properties":{}},{"type":"Feature","geometry":{"type":"MultiPolygon","coordinates":[[[[4.9566,52.6107],[4.9587,52.6033],[4.9493,52.5995],[4.9539,52.5811],[4.9801,52.587],[4.9972,52.5751],[4.9765,52.5612],[4.9757,52.5454],[4.957,52.5291],[4.992,52.5198],[5.0088,52.5277],[5.0247,52.5224],[4.974,52.4704],[4.958,52.4712],[4.9488,52.4866],[4.9207,52.4904],[4.9251,52.5055],[4.9344,52.5116],[4.8747,52.52],[4.8375,52.5306],[4.8339,52.539],[4.8613,52.5623],[4.8657,52.5738],[4.8847,52.5842],[4.8935,52.5978],[4.9154,52.6086],[4.9289,52.6052],[4.9509,52.6141],[4.9566,52.6107]]]]},"properties":{}},{"type":"Feature","geometry":{"type":"MultiPolygon","coordinates":[[[[4.7597,52.8484],[4.7826,52.8514],[4.7944,52.8474],[4.8346,52.8078],[4.829,52.7753],[4.8198,52.7741],[4.8208,52.7696],[4.807,52.7702],[4.8497,52.7257],[4.8477,52.7203],[4.805,52.7142],[4.7974,52.7209],[4.7866,52.721],[4.7866,52.7279],[4.7788,52.7314],[4.7696,52.6988],[4.7289,52.6914],[4.7206,52.6971],[4.7158,52.71],[4.6904,52.7326],[4.6458,52.7566],[4.676,52.801],[4.709,52.8836],[4.7709,52.8786],[4.7597,52.8484]]]]},"properties":{}},{"type":"Feature","geometry":{"type":"MultiPolygon","coordinates":[[[[4.6817,52.9601],[4.6684,52.9619],[4.6628,52.9686],[4.6713,52.9863],[4.6851,52.9877],[4.6928,52.9797],[4.7108,52.9751],[4.6901,52.9688],[4.6817,52.9601]]],[[[4.8787,53.157],[4.8934,53.1516],[4.9078,53.1354],[4.9002,53.125],[4.8972,53.0786],[4.8732,53.0649],[4.8731,53.0554],[4.8563,53.0409],[4.8526,53.0402],[4.8605,53.0468],[4.8533,53.0434],[4.8472,53.034],[4.8195,53.029],[4.7927,53.0084],[4.7974,53.005],[4.7931,53.0024],[4.7465,53.0102],[4.7737,52.9963],[4.7366,52.989],[4.7305,52.9837],[4.7135,52.9973],[4.7086,53.0224],[4.7161,53.0516],[4.7235,53.0676],[4.7581,53.1059],[4.8409,53.1833],[4.8611,53.183],[4.8797,53.164],[4.8787,53.157]]]]},"properties":{}},{"type":"Feature","geometry":{"type":"MultiPolygon","coordinates":[[[[4.7188,52.5516],[4.7198,52.5439],[4.7237,52.5467],[4.7553,52.5357],[4.7777,52.5337],[4.7825,52.5196],[4.7524,52.5212],[4.7481,52.5171],[4.7528,52.5106],[4.7316,52.4963],[4.7117,52.4968],[4.7034,52.5031],[4.7092,52.5099],[4.6946,52.5076],[4.6906,52.5191],[4.6976,52.5292],[4.6945,52.5442],[4.7188,52.5516]]]]},"properties":{}},{"type":"Feature","geometry":{"type":"MultiPolygon","coordinates":[[[[4.8075,52.2576],[4.8522,52.2396],[4.8141,52.2272],[4.781,52.2287],[4.7621,52.2181],[4.7436,52.2148],[4.735,52.2068],[4.7247,52.2126],[4.7238,52.2166],[4.7733,52.241],[4.7681,52.2454],[4.7709,52.2499],[4.7953,52.261],[4.8075,52.2576]]]]},"properties":{}},{"type":"Feature","geometry":{"type":"MultiPolygon","coordinates":[[[[4.5779,52.4642],[4.5737,52.464],[4.5739,52.4655],[4.578,52.4661],[4.5788,52.4644],[4.5779,52.4642]]],[[[4.6027,52.4834],[4.6533,52.4772],[4.6676,52.4684],[4.6619,52.4618],[4.722,52.4333],[4.6825,52.4138],[4.6812,52.4193],[4.6508,52.4286],[4.6361,52.4108],[4.6276,52.4126],[4.6215,52.4249],[4.5601,52.438],[4.5623,52.4465],[4.5537,52.4608],[4.538,52.4581],[4.5321,52.4638],[4.5401,52.4583],[4.5551,52.4626],[4.5599,52.457],[4.565,52.4579],[4.5633,52.4626],[4.5692,52.4592],[4.5786,52.4628],[4.5781,52.458],[4.5872,52.4572],[4.5816,52.4625],[4.5958,52.458],[4.5824,52.4631],[4.6051,52.4671],[4.5921,52.4698],[4.6091,52.473],[4.5422,52.4674],[4.5644,52.4679],[4.5813,52.4893],[4.6027,52.4834]]]]},"properties":{}},{"type":"Feature","geometry":{"type":"MultiPolygon","coordinates":[[[[4.565,52.3443],[4.5473,52.314],[4.494,52.3282],[4.5413,52.4014],[4.5917,52.3917],[4.565,52.3443]]]]},"properties":{}},{"type":"Feature","geometry":{"type":"MultiPolygon","coordinates":[[[[4.7524,52.5212],[4.7899,52.5192],[4.7951,52.4962],[4.7924,52.4911],[4.8369,52.4799],[4.8424,52.4721],[4.8525,52.4704],[4.843,52.4523],[4.8627,52.4299],[4.8579,52.4247],[4.8599,52.4205],[4.8561,52.4167],[4.722,52.4333],[4.6748,52.4555],[4.6978,52.471],[4.7007,52.4802],[4.7146,52.4932],[4.7316,52.4963],[4.7507,52.5083],[4.7481,52.5171],[4.7524,52.5212]]]]},"properties":{}},{"type":"Feature","geometry":{"type":"MultiPolygon","coordinates":[[[[4.6294,51.8808],[4.6371,51.8763],[4.6421,51.8802],[4.6644,51.8749],[4.7002,51.8797],[4.6807,51.8596],[4.6832,51.8485],[4.6726,51.8387],[4.6353,51.8697],[4.6264,51.8807],[4.6294,51.8808]]]]},"properties":{}},{"type":"Feature","geometry":{"type":"MultiPolygon","coordinates":[[[[4.6997,52.1571],[4.7059,52.1517],[4.704,52.1446],[4.7268,52.159],[4.7418,52.1627],[4.7601,52.131],[4.7402,52.1046],[4.7047,52.0952],[4.7155,52.0812],[4.713,52.0769],[4.6968,52.074],[4.6944,52.0678],[4.6853,52.0694],[4.682,52.0591],[4.6772,52.0655],[4.6382,52.0648],[4.6369,52.0735],[4.607,52.077],[4.6074,52.0655],[4.565,52.0586],[4.5337,52.0731],[4.536,52.0769],[4.5301,52.0801],[4.5371,52.0839],[4.5353,52.1204],[4.5419,52.1187],[4.5507,52.1384],[4.5602,52.1319],[4.5661,52.1353],[4.5715,52.1531],[4.6798,52.1627],[4.6812,52.1675],[4.6997,52.1571]]]]},"properties":{}},{"type":"Feature","geometry":{"type":"MultiPolygon","coordinates":[[[[4.5528,51.8694],[4.5714,51.8494],[4.5536,51.8299],[4.4891,51.8354],[4.4899,51.8514],[4.4803,51.8551],[4.4801,51.8653],[4.4944,51.869],[4.532,51.8688],[4.5494,51.874],[4.5528,51.8694]]]]},"properties":{}},{"type":"Feature","geometry":{"type":"MultiPolygon","coordinates":[[[[5.1957,52.6922],[5.2046,52.6776],[5.2088,52.6838],[5.246,52.6864],[5.2358,52.6571],[5.2071,52.6446],[5.1985,52.6363],[5.1777,52.6342],[5.1593,52.6232],[5.1279,52.6199],[5.1287,52.6261],[5.121,52.6326],[5.1013,52.6337],[5.106,52.6356],[5.102,52.647],[5.1194,52.6512],[5.0962,52.6698],[5.0918,52.6789],[5.187,52.7075],[5.1957,52.6922]]]]},"properties":{}},{"type":"Feature","geometry":{"type":"MultiPolygon","coordinates":[[[[4.5902,51.9601],[4.6195,51.9335],[4.6151,51.9274],[4.5982,51.9261],[4.5661,51.9092],[4.5499,51.9067],[4.5568,51.9104],[4.554,51.9166],[4.5421,51.9062],[4.5375,51.9198],[4.5569,51.9199],[4.5662,51.9259],[4.5606,51.9409],[4.5728,51.9435],[4.5621,51.9589],[4.5838,51.9655],[4.5902,51.9601]]]]},"properties":{}},{"type":"Feature","geometry":{"type":"MultiPolygon","coordinates":[[[[4.3797,52.0267],[4.3945,52.0113],[4.3859,52.0048],[4.397,51.979],[4.4079,51.9682],[4.4029,51.9663],[4.3938,51.9775],[4.3692,51.9689],[4.3595,51.9701],[4.3566,51.9773],[4.3382,51.9742],[4.3241,51.9899],[4.3411,52.0028],[4.3327,52.0079],[4.3232,52.0043],[4.3206,52.0093],[4.3735,52.0326],[4.3797,52.0267]]]]},"properties":{}},{"type":"Feature","geometry":{"type":"MultiPolygon","coordinates":[[[[4.7296,51.8222],[4.7721,51.8153],[4.8201,51.8191],[4.8846,51.8165],[4.846,51.7988],[4.7972,51.7998],[4.7735,51.7933],[4.7552,51.7816],[4.7408,51.7588],[4.7037,51.7369],[4.6752,51.7242],[4.6445,51.719],[4.641,51.7234],[4.6439,51.7188],[4.6409,51.7234],[4.6344,51.7215],[4.6369,51.7174],[4.6282,51.7204],[4.6288,51.7255],[4.6277,51.72],[4.6236,51.7214],[4.6311,51.7501],[4.6212,51.8008],[4.642,51.8057],[4.6684,51.8205],[4.7296,51.8222]]]]},"properties":{}},{"type":"Feature","geometry":{"type":"MultiPolygon","coordinates":[[[[4.9389,51.8635],[4.965,51.8616],[4.9833,51.8571],[4.9813,51.8519],[4.9963,51.8492],[4.9987,51.8523],[4.9999,51.8444],[5.0314,51.8411],[5.0264,51.8189],[4.927,51.8283],[4.9218,51.8408],[4.9427,51.8448],[4.9389,51.8635]]]]},"properties":{}},{"type":"Feature","geometry":{"type":"MultiPolygon","coordinates":[[[[4.7199,52.0285],[4.7437,52.0226],[4.7573,52.0014],[4.7283,52.0073],[4.7228,52.0055],[4.7276,52.0016],[4.7189,51.9984],[4.7072,52.0018],[4.6802,51.9965],[4.6595,52.0053],[4.6818,52.0193],[4.6673,52.0251],[4.706,52.0401],[4.7199,52.0352],[4.7199,52.0285]]]]},"properties":{}},{"type":"Feature","geometry":{"type":"MultiPolygon","coordinates":[[[[4.3026,52.1285],[4.3331,52.1057],[4.3233,52.0992],[4.3274,52.0957],[4.3585,52.1058],[4.3727,52.0948],[4.3352,52.075],[4.3555,52.068],[4.3422,52.0611],[4.348,52.0565],[4.3595,52.0572],[4.356,52.0616],[4.38,52.0747],[4.4039,52.0778],[4.4207,52.0635],[4.4224,52.0573],[4.4154,52.0574],[4.4221,52.0517],[4.3944,52.0541],[4.3727,52.0409],[4.3939,52.0331],[4.3797,52.0267],[4.3735,52.0326],[4.3598,52.0265],[4.3461,52.044],[4.3526,52.0491],[4.3403,52.0619],[4.291,52.0416],[4.3076,52.0182],[4.2955,52.0148],[4.2727,52.0359],[4.2482,52.0252],[4.2351,52.0393],[4.2123,52.0308],[4.1963,52.0557],[4.2552,52.0981],[4.2525,52.1039],[4.2594,52.097],[4.2669,52.0973],[4.2642,52.0943],[4.2717,52.0996],[4.2612,52.0992],[4.2562,52.1042],[4.2614,52.1029],[4.2796,52.1179],[4.3026,52.1285]]]]},"properties":{}},{"type":"Feature","geometry":{"type":"MultiPolygon","coordinates":[[[[4.8477,51.833],[4.8751,51.8323],[4.9249,51.8397],[4.927,51.8283],[4.8846,51.8165],[4.8114,51.8187],[4.8051,51.8219],[4.8034,51.8464],[4.8381,51.8607],[4.8477,51.833]]]]},"properties":{}},{"type":"Feature","geometry":{"type":"MultiPolygon","coordinates":[[[[4.6582,51.8516],[4.6726,51.8387],[4.6704,51.8236],[4.6619,51.8316],[4.6373,51.8254],[4.6002,51.8387],[4.6049,51.8484],[4.626,51.8545],[4.6365,51.8497],[4.6473,51.8572],[4.6353,51.8697],[4.6582,51.8516]]]]},"properties":{}},{"type":"Feature","geometry":{"type":"MultiPolygon","coordinates":[[[[5.2567,52.6867],[5.2088,52.6838],[5.2046,52.6776],[5.1854,52.7102],[5.2201,52.7177],[5.2575,52.7162],[5.2567,52.6867]]]]},"properties":{}},{"type":"Feature","geometry":{"type":"MultiPolygon","coordinates":[[[[4.5869,52.317],[4.6117,52.3136],[4.5882,52.2802],[4.5727,52.2712],[4.5426,52.2866],[4.5691,52.3165],[4.5869,52.317]]]]},"properties":{}},{"type":"Feature","geometry":{"type":"MultiPolygon","coordinates":[[[[4.4149,52.2161],[4.4257,52.2163],[4.4402,52.2074],[4.4662,52.2142],[4.4556,52.207],[4.4664,52.1969],[4.4586,52.1835],[4.435,52.1809],[4.4484,52.1767],[4.4454,52.1672],[4.4484,52.1621],[4.4405,52.1557],[4.4116,52.1635],[4.4093,52.1693],[4.4051,52.1676],[4.3744,52.1869],[4.4055,52.2197],[4.4149,52.2161]]]]},"properties":{}},{"type":"Feature","geometry":{"type":"MultiPolygon","coordinates":[[[[4.6237,51.9263],[4.643,51.9126],[4.5968,51.9078],[4.5891,51.9024],[4.5492,51.9049],[4.5982,51.9261],[4.6107,51.9253],[4.6177,51.931],[4.6237,51.9263]]]]},"properties":{}},{"type":"Feature","geometry":{"type":"MultiPolygon","coordinates":[[[[4.518,52.1785],[4.5148,52.1608],[4.524,52.1474],[4.473,52.119],[4.4681,52.1286],[4.4645,52.1273],[4.4692,52.1343],[4.4654,52.1494],[4.4438,52.141],[4.4392,52.1547],[4.4548,52.1711],[4.4669,52.1699],[4.4787,52.1796],[4.4919,52.1754],[4.4976,52.184],[4.5172,52.1827],[4.518,52.1785]]]]},"properties":{}},{"type":"Feature","geometry":{"type":"MultiPolygon","coordinates":[[[[4.5184,52.1821],[4.5388,52.1801],[4.5503,52.163],[4.5624,52.1661],[4.5616,52.1608],[4.5715,52.1531],[4.5661,52.1353],[4.5602,52.1319],[4.5445,52.1407],[4.5278,52.1432],[4.5148,52.1608],[4.5184,52.1821]]]]},"properties":{}},{"type":"Feature","geometry":{"type":"MultiPolygon","coordinates":[[[[4.5534,52.282],[4.5727,52.2712],[4.5683,52.2686],[4.5629,52.2347],[4.5505,52.2267],[4.5539,52.2222],[4.5249,52.2356],[4.5301,52.2412],[4.5241,52.2444],[4.5266,52.2473],[4.5135,52.255],[4.5426,52.2866],[4.5534,52.282]]]]},"properties":{}},{"type":"Feature","geometry":{"type":"MultiPolygon","coordinates":[[[[4.2283,51.948],[4.2643,51.9255],[4.2926,51.9212],[4.2676,51.9053],[4.2442,51.9137],[4.2127,51.9337],[4.2283,51.948]]]]},"properties":{}},{"type":"Feature","geometry":{"type":"MultiPolygon","coordinates":[[[[4.8015,52.2099],[4.8029,52.201],[4.8136,52.2018],[4.8441,52.1801],[4.8555,52.179],[4.8922,52.1618],[4.8736,52.1561],[4.8745,52.1388],[4.8552,52.1372],[4.8331,52.1447],[4.8205,52.1422],[4.8087,52.1373],[4.8081,52.1291],[4.802,52.1249],[4.7389,52.1065],[4.7601,52.131],[4.7418,52.1627],[4.7268,52.159],[4.704,52.1446],[4.7057,52.1522],[4.6812,52.1675],[4.6889,52.1919],[4.6953,52.1892],[4.7076,52.2049],[4.7208,52.2013],[4.7238,52.2114],[4.735,52.2068],[4.7436,52.2148],[4.784,52.2287],[4.7946,52.2267],[4.8021,52.2176],[4.8015,52.2099]]]]},"properties":{}},{"type":"Feature","geometry":{"type":"MultiPolygon","coordinates":[[[[4.5637,52.3093],[4.5209,52.2607],[4.4661,52.225],[4.4704,52.2198],[4.4641,52.216],[4.4402,52.2074],[4.4257,52.2163],[4.4055,52.2197],[4.494,52.3282],[4.5637,52.3093]]]]},"properties":{}},{"type":"Feature","geometry":{"type":"MultiPolygon","coordinates":[[[[4.4787,52.2047],[4.4914,52.2037],[4.4933,52.1949],[4.4881,52.1895],[4.4895,52.1817],[4.4976,52.184],[4.4954,52.1778],[4.4787,52.1796],[4.4669,52.1699],[4.4548,52.1711],[4.4484,52.1621],[4.4454,52.1672],[4.4484,52.1767],[4.435,52.1809],[4.4586,52.1835],[4.4664,52.1969],[4.4618,52.1971],[4.4635,52.2002],[4.4787,52.2047]]]]},"properties":{}},{"type":"Feature","geometry":{"type":"MultiPolygon","coordinates":[[[[4.8682,52.0634],[4.8954,52.0482],[4.9065,52.0535],[4.9171,52.0438],[4.9114,52.0402],[4.9264,52.0285],[4.905,52.0265],[4.92,52.01],[4.9097,52.011],[4.8352,51.9861],[4.8178,51.9998],[4.8571,52.006],[4.8472,52.018],[4.8034,52.0141],[4.7987,52.0223],[4.8099,52.0268],[4.8067,52.0332],[4.8172,52.0369],[4.8295,52.0498],[4.8682,52.0634]]]]},"properties":{}},{"type":"Feature","geometry":{"type":"MultiPolygon","coordinates":[[[[4.7054,51.8413],[4.7371,51.8465],[4.7434,51.8427],[4.7296,51.8222],[4.6717,51.8208],[4.6692,51.8296],[4.6818,51.8491],[4.7054,51.8413]]]]},"properties":{}},{"type":"Feature","geometry":{"type":"MultiPolygon","coordinates":[[[[4.583,51.9012],[4.595,51.8942],[4.6196,51.8895],[4.6473,51.8572],[4.6365,51.8497],[4.626,51.8545],[4.6049,51.8484],[4.6002,51.8387],[4.5711,51.8471],[4.5493,51.8742],[4.5691,51.8782],[4.5763,51.903],[4.583,51.9012]]]]},"properties":{}},{"type":"Feature","geometry":{"type":"MultiPolygon","coordinates":[[[[4.151,51.9876],[4.1473,51.9814],[4.1906,51.966],[4.1867,51.9627],[4.1924,51.9548],[4.2195,51.9414],[4.2127,51.9337],[4.2365,51.9173],[4.2819,51.9002],[4.331,51.8941],[4.4137,51.9008],[4.4157,51.905],[4.4091,51.9121],[4.4153,51.9145],[4.4169,51.9231],[4.4082,51.9314],[4.409,51.9358],[4.4177,51.9385],[4.4039,51.9373],[4.3934,51.9443],[4.3952,51.9469],[4.3889,51.9455],[4.3793,51.9634],[4.394,51.9626],[4.4279,51.9765],[4.4467,51.9628],[4.4604,51.9691],[4.469,51.9805],[4.5186,51.9603],[4.5358,51.9704],[4.5477,51.9728],[4.5566,51.9685],[4.5744,51.9729],[4.579,51.9758],[4.5735,51.9746],[4.5702,51.979],[4.5789,51.9811],[4.5789,51.9899],[4.5944,51.9943],[4.5988,51.988],[4.5937,51.9761],[4.6018,51.9721],[4.5621,51.9589],[4.5728,51.9435],[4.5606,51.9409],[4.5658,51.9251],[4.5569,51.9199],[4.5375,51.9198],[4.5421,51.9062],[4.554,51.9166],[4.5568,51.9104],[4.5492,51.9049],[4.5763,51.903],[4.5691,51.8782],[4.532,51.8688],[4.4944,51.869],[4.4719,51.8617],[4.4176,51.8724],[4.3948,51.8723],[4.3844,51.8616],[4.3837,51.8421],[4.3536,51.8491],[4.3355,51.8643],[4.265,51.8648],[4.2394,51.873],[4.2159,51.8989],[4.1682,51.9191],[4.1627,51.9267],[4.1449,51.9314],[4.1077,51.9361],[4.102,51.9235],[4.0929,51.9325],[4.0737,51.9336],[3.9852,51.9162],[3.9635,51.9542],[3.9648,51.9669],[3.9773,51.9806],[3.9966,51.988],[4.0417,51.986],[4.0475,51.9948],[4.097,51.985],[4.1253,52.0016],[4.151,51.9876]]]]},"properties":{}},{"type":"Feature","geometry":{"type":"MultiPolygon","coordinates":[[[[4.3469,52.0571],[4.3447,52.0539],[4.3526,52.0491],[4.3461,52.044],[4.3578,52.0269],[4.326,52.0128],[4.3194,52.02],[4.3098,52.0156],[4.291,52.0416],[4.3403,52.0619],[4.3469,52.0571]]]]},"properties":{}},{"type":"Feature","geometry":{"type":"MultiPolygon","coordinates":[[[[4.384,51.9547],[4.3889,51.9455],[4.3952,51.9469],[4.3934,51.9443],[4.4039,51.9373],[4.4177,51.9385],[4.409,51.9358],[4.4082,51.9314],[4.4169,51.9231],[4.4153,51.9145],[4.4091,51.9121],[4.4157,51.905],[4.4137,51.9008],[4.3934,51.8967],[4.3706,51.8994],[4.3623,51.9356],[4.3507,51.9515],[4.3671,51.9552],[4.3635,51.9609],[4.3793,51.9634],[4.384,51.9547]]]]},"properties":{}},{"type":"Feature","geometry":{"type":"MultiPolygon","coordinates":[[[[4.7804,51.8466],[4.8034,51.8464],[4.8051,51.8219],[4.8114,51.8187],[4.7721,51.8153],[4.7296,51.8222],[4.7414,51.8408],[4.7804,51.8466]]]]},"properties":{}},{"type":"Feature","geometry":{"type":"MultiPolygon","coordinates":[[[[4.4063,51.873],[4.4804,51.8623],[4.4803,51.8551],[4.4899,51.8514],[4.4873,51.8486],[4.4922,51.8414],[4.4891,51.8354],[4.4586,51.8316],[4.4142,51.8428],[4.3837,51.8421],[4.3864,51.8664],[4.4063,51.873]]]]},"properties":{}},{"type":"Feature","geometry":{"type":"MultiPolygon","coordinates":[[[[4.3564,51.9438],[4.3631,51.9333],[4.3706,51.8994],[4.3194,51.8946],[4.2676,51.9053],[4.3229,51.9427],[4.3507,51.9515],[4.3564,51.9438]]]]},"properties":{}},{"type":"Feature","geometry":{"type":"MultiPolygon","coordinates":[[[[4.4624,52.1498],[4.4689,52.1328],[4.4336,52.1042],[4.4279,52.1015],[4.4012,52.1119],[4.443,52.1453],[4.4438,52.141],[4.4496,52.141],[4.4624,52.1498]]]]},"properties":{}},{"type":"Feature","geometry":{"type":"MultiPolygon","coordinates":[[[[4.6469,52.0643],[4.66,52.0641],[4.669,52.0523],[4.6798,52.0521],[4.6773,52.044],[4.706,52.0401],[4.6673,52.0251],[4.6818,52.0193],[4.6666,52.013],[4.6678,52.0215],[4.6628,52.024],[4.6368,52.0117],[4.5911,52.0351],[4.6102,52.0463],[4.6055,52.0504],[4.607,52.077],[4.6369,52.0735],[4.6382,52.0648],[4.6469,52.0643]]]]},"properties":{}},{"type":"Feature","geometry":{"type":"MultiPolygon","coordinates":[[[[4.4041,52.1684],[4.4405,52.1557],[4.4439,52.146],[4.3727,52.0948],[4.3585,52.1058],[4.3274,52.0957],[4.3233,52.0992],[4.3331,52.1057],[4.3026,52.1285],[4.3744,52.1869],[4.4041,52.1684]]]]},"properties":{}},{"type":"Feature","geometry":{"type":"MultiPolygon","coordinates":[[[[4.9037,52.1621],[4.9112,52.1601],[4.9118,52.1443],[4.9236,52.1473],[4.9439,52.1275],[4.961,52.1334],[4.9802,52.1122],[4.9734,52.1012],[4.9893,52.1008],[4.9942,52.0904],[5.005,52.0885],[4.9995,52.0661],[4.9571,52.0659],[4.9563,52.0703],[4.9362,52.0799],[4.9055,52.0701],[4.8298,52.0668],[4.834,52.0727],[4.8263,52.0746],[4.8253,52.1072],[4.7924,52.1234],[4.8064,52.1274],[4.8131,52.1402],[4.832,52.1445],[4.8552,52.1372],[4.8745,52.1388],[4.8736,52.1561],[4.9037,52.1621]]]]},"properties":{}},{"type":"Feature","geometry":{"type":"MultiPolygon","coordinates":[[[[4.5101,52.09],[4.5572,52.0612],[4.5451,52.0489],[4.5343,52.0494],[4.5047,52.0319],[4.477,52.0313],[4.4707,52.0405],[4.4576,52.0386],[4.4506,52.0492],[4.4221,52.0517],[4.4154,52.0574],[4.4224,52.0573],[4.4214,52.0633],[4.4552,52.0782],[4.4757,52.0813],[4.4743,52.0853],[4.4978,52.0878],[4.5044,52.0933],[4.5101,52.09]]]]},"properties":{}},{"type":"Feature","geometry":{"type":"MultiPolygon","coordinates":[[[[4.5429,52.1212],[4.5353,52.1204],[4.5371,52.0839],[4.5306,52.0805],[4.5044,52.0933],[4.4978,52.0878],[4.4922,52.09],[4.4904,52.0979],[4.4708,52.1177],[4.524,52.1474],[4.5308,52.1419],[4.5507,52.1384],[4.5429,52.1212]]]]},"properties":{}},{"type":"Feature","geometry":{"type":"MultiPolygon","coordinates":[[[[4.6327,51.8269],[4.6619,51.8316],[4.6717,51.8209],[4.642,51.8057],[4.6212,51.8008],[4.5696,51.8113],[4.5536,51.8299],[4.5711,51.8471],[4.6327,51.8269]]]]},"properties":{}},{"type":"Feature","geometry":{"type":"MultiPolygon","coordinates":[[[[3.9282,51.4506],[3.9333,51.4486],[3.9298,51.4499],[3.9256,51.4515],[3.9282,51.4506]]],[[[3.7063,51.471],[3.6957,51.4711],[3.7026,51.4748],[3.7063,51.471]]],[[[3.8113,51.4831],[3.8419,51.4853],[3.9129,51.4791],[3.9077,51.4695],[3.9285,51.4588],[3.9226,51.4502],[3.9254,51.4455],[3.9212,51.4445],[3.9258,51.4345],[3.9006,51.395],[3.8714,51.3974],[3.8582,51.3912],[3.8123,51.3856],[3.775,51.4054],[3.7772,51.4098],[3.755,51.4148],[3.7348,51.4111],[3.7271,51.414],[3.7207,51.4261],[3.6964,51.4459],[3.7047,51.4503],[3.7036,51.4417],[3.7103,51.4466],[3.7192,51.4426],[3.7222,51.4449],[3.7125,51.4509],[3.7273,51.4564],[3.7099,51.4535],[3.7213,51.4732],[3.7105,51.4718],[3.7008,51.4831],[3.6991,51.4923],[3.7055,51.5025],[3.7675,51.4984],[3.8113,51.4831]]]]},"properties":{}},{"type":"Feature","geometry":{"type":"MultiPolygon","coordinates":[[[[3.7209,51.5293],[3.7184,51.5284],[3.7177,51.5287],[3.7206,51.5309],[3.7203,51.5318],[3.7206,51.5319],[3.721,51.5306],[3.7209,51.5293]]],[[[3.8296,51.5484],[3.8602,51.5385],[3.9253,51.5445],[3.931,51.5383],[3.9264,51.5372],[3.9405,51.5255],[3.9571,51.5307],[3.9715,51.5285],[3.9635,51.5206],[3.9652,51.5065],[3.9402,51.4931],[3.9258,51.4919],[3.9247,51.4854],[3.915,51.4848],[3.9129,51.4791],[3.8419,51.4853],[3.8113,51.4831],[3.7675,51.4984],[3.7055,51.5025],[3.7452,51.5125],[3.7469,51.5169],[3.7251,51.5257],[3.7344,51.5402],[3.7536,51.5476],[3.7925,51.5411],[3.8165,51.5489],[3.8296,51.5484]]],[[[3.7784,51.5486],[3.7775,51.5477],[3.7708,51.5503],[3.7717,51.5514],[3.7784,51.5486]]],[[[3.7719,51.5479],[3.7564,51.5494],[3.769,51.5524],[3.7719,51.5479]]]]},"properties":{}},{"type":"Feature","geometry":{"type":"MultiPolygon","coordinates":[[[[5.5314,51.8948],[5.531,51.8914],[5.5431,51.8884],[5.577,51.8924],[5.5715,51.8839],[5.5664,51.8839],[5.5684,51.8765],[5.5538,51.8704],[5.5531,51.8626],[5.5773,51.8646],[5.5847,51.8572],[5.5816,51.8526],[5.585,51.8391],[5.6098,51.8363],[5.6066,51.8357],[5.609,51.831],[5.5582,51.8275],[5.5409,51.8163],[5.5177,51.8193],[5.5033,51.8288],[5.4902,51.8305],[5.4675,51.8118],[5.4394,51.8097],[5.4223,51.8146],[5.4006,51.8377],[5.423,51.8664],[5.445,51.8842],[5.5314,51.8948]]]]},"properties":{}},{"type":"Feature","geometry":{"type":"MultiPolygon","coordinates":[[[[3.9933,51.4041],[4.0191,51.4014],[4.0184,51.397],[4.0222,51.4006],[4.0333,51.381],[4.0495,51.367],[4.0962,51.3614],[4.1341,51.3366],[4.1341,51.3437],[4.1126,51.3606],[4.1149,51.363],[4.1309,51.3645],[4.158,51.3473],[4.1516,51.3664],[4.1728,51.3734],[4.1732,51.3607],[4.1914,51.3764],[4.2065,51.3745],[4.2166,51.3603],[4.2201,51.3617],[4.2347,51.3481],[4.1661,51.2929],[4.0618,51.2446],[3.997,51.2412],[3.9931,51.248],[3.9822,51.2491],[3.9789,51.3008],[3.9533,51.3083],[3.9617,51.3329],[3.9594,51.3513],[3.9546,51.3568],[3.9576,51.3637],[3.9418,51.3654],[3.958,51.3652],[3.9682,51.3856],[3.9639,51.3994],[3.9708,51.4057],[3.9933,51.4041]]]]},"properties":{}},{"type":"Feature","geometry":{"type":"MultiPolygon","coordinates":[[[[3.9715,51.5285],[4.0031,51.5217],[4.0057,51.5137],[4.0044,51.5215],[4.0136,51.5197],[4.0174,51.5125],[4.0047,51.5048],[4.0073,51.4586],[3.993,51.4513],[3.9754,51.4624],[3.9342,51.4485],[3.9254,51.4515],[3.9285,51.4588],[3.9077,51.4695],[3.9168,51.4816],[3.915,51.4848],[3.9247,51.4854],[3.9258,51.4919],[3.9402,51.4931],[3.9652,51.5065],[3.9635,51.5206],[3.9715,51.5285]]]]},"properties":{}},{"type":"Feature","geometry":{"type":"MultiPolygon","coordinates":[[[[3.7169,51.5238],[3.7134,51.5249],[3.7177,51.5287],[3.7169,51.5238]]],[[[3.6918,51.5293],[3.691,51.5273],[3.6899,51.5281],[3.6902,51.53],[3.691,51.5306],[3.6918,51.5293]]],[[[3.6132,51.5351],[3.6172,51.5253],[3.6337,51.526],[3.6348,51.5205],[3.6588,51.5193],[3.6802,51.5345],[3.6978,51.5156],[3.7282,51.5245],[3.7469,51.5169],[3.7452,51.5125],[3.7056,51.5036],[3.6991,51.4923],[3.7036,51.4823],[3.6615,51.4683],[3.6484,51.4698],[3.629,51.4808],[3.6217,51.4755],[3.587,51.4793],[3.5796,51.4892],[3.5849,51.4944],[3.5753,51.5066],[3.5834,51.5087],[3.5788,51.5124],[3.5837,51.5196],[3.5966,51.5225],[3.5898,51.5318],[3.6132,51.5351]]]]},"properties":{}},{"type":"Feature","geometry":{"type":"MultiPolygon","coordinates":[[[[4.0383,51.5055],[4.0568,51.5003],[4.0527,51.502],[4.0579,51.4972],[4.0521,51.4961],[4.0582,51.4884],[4.0549,51.4815],[4.0589,51.4753],[4.0842,51.4583],[4.0932,51.4463],[4.1331,51.4314],[4.1534,51.433],[4.1815,51.444],[4.2216,51.4372],[4.2176,51.4877],[4.2303,51.4889],[4.2759,51.425],[4.2637,51.4164],[4.2691,51.4003],[4.2663,51.3865],[4.2774,51.376],[4.2432,51.3748],[4.2433,51.3841],[4.2316,51.3949],[4.2067,51.3997],[4.1975,51.4069],[4.1539,51.3946],[4.0793,51.4075],[4.0513,51.42],[4.0467,51.4262],[4.0508,51.4296],[4.0131,51.439],[4.0165,51.4439],[4.0119,51.4545],[4.0098,51.44],[4.0063,51.4405],[3.993,51.4513],[4.0073,51.4586],[4.0047,51.5048],[4.0174,51.5125],[4.0136,51.5197],[4.0383,51.5055]]]]},"properties":{}},{"type":"Feature","geometry":{"type":"MultiPolygon","coordinates":[[[[3.7161,51.3535],[3.7225,51.3496],[3.7581,51.3479],[3.755,51.3411],[3.7682,51.3363],[3.7718,51.3503],[3.789,51.3496],[3.8099,51.3435],[3.8072,51.3384],[3.8157,51.3297],[3.814,51.3428],[3.8178,51.3429],[3.8192,51.3363],[3.8198,51.3426],[3.8273,51.3432],[3.8249,51.341],[3.842,51.3358],[3.8669,51.3364],[3.8756,51.3463],[3.9174,51.3613],[3.957,51.3648],[3.9546,51.3568],[3.9594,51.3513],[3.9617,51.3329],[3.9533,51.3083],[3.9789,51.3008],[3.9822,51.2491],[3.9931,51.248],[3.997,51.2412],[4.0057,51.2419],[3.9862,51.2342],[3.9789,51.2254],[3.9643,51.224],[3.9586,51.2158],[3.936,51.2119],[3.9294,51.2203],[3.916,51.2146],[3.9186,51.2078],[3.8864,51.2002],[3.8776,51.208],[3.8902,51.214],[3.8933,51.2187],[3.8887,51.223],[3.8596,51.2108],[3.8357,51.2132],[3.8212,51.2092],[3.7911,51.214],[3.7895,51.2458],[3.7955,51.2561],[3.7738,51.264],[3.7693,51.2599],[3.7625,51.2618],[3.7524,51.2703],[3.6939,51.276],[3.7066,51.2888],[3.7071,51.3066],[3.7036,51.3099],[3.7124,51.3158],[3.6863,51.3216],[3.6662,51.3198],[3.658,51.3334],[3.6533,51.3318],[3.6442,51.3417],[3.6496,51.3427],[3.6472,51.35],[3.6878,51.3556],[3.6938,51.3525],[3.6931,51.3653],[3.7161,51.3535]]]]},"properties":{}},{"type":"Feature","geometry":{"type":"MultiPolygon","coordinates":[[[[4.1686,51.6436],[4.1929,51.6347],[4.1941,51.639],[4.2012,51.6348],[4.1958,51.638],[4.2005,51.6392],[4.2373,51.634],[4.205,51.6236],[4.1917,51.6093],[4.1902,51.601],[4.1957,51.589],[4.2281,51.5637],[4.2356,51.5527],[4.2357,51.5432],[4.2188,51.509],[4.2303,51.4889],[4.2176,51.4877],[4.1767,51.5019],[4.1606,51.5146],[4.173,51.51],[4.1658,51.5131],[4.1761,51.5151],[4.1639,51.5228],[4.077,51.5251],[4.0491,51.5526],[4.0275,51.5564],[4.0301,51.5628],[4.0231,51.5674],[3.9839,51.5809],[3.99,51.5926],[4.0238,51.5969],[4.0746,51.6135],[4.1015,51.6102],[4.1083,51.6026],[4.1735,51.6055],[4.1688,51.609],[4.1775,51.6164],[4.1708,51.6187],[4.1643,51.6136],[4.1263,51.6131],[4.1176,51.6246],[4.1005,51.631],[4.0978,51.6425],[4.1053,51.6414],[4.1203,51.6536],[4.1686,51.6436]]]]},"properties":{}},{"type":"Feature","geometry":{"type":"MultiPolygon","coordinates":[[[[3.6953,51.5421],[3.6879,51.5371],[3.6817,51.5517],[3.6885,51.5515],[3.6953,51.5421]]],[[[3.6755,51.5561],[3.6752,51.5542],[3.6739,51.555],[3.6725,51.5571],[3.6703,51.5584],[3.6726,51.559],[3.6739,51.5582],[3.6755,51.5561]]],[[[3.6723,51.5614],[3.6724,51.5603],[3.6695,51.5607],[3.6675,51.5603],[3.6658,51.5603],[3.667,51.5616],[3.6713,51.5619],[3.6723,51.5614]]],[[[3.6295,51.5902],[3.6349,51.5869],[3.6279,51.5841],[3.6303,51.5716],[3.6531,51.5584],[3.644,51.5598],[3.6688,51.5504],[3.6636,51.5485],[3.6697,51.5503],[3.6668,51.5425],[3.6725,51.5473],[3.6802,51.5345],[3.6588,51.5193],[3.6348,51.5205],[3.6337,51.526],[3.6172,51.5253],[3.6132,51.5351],[3.5898,51.5318],[3.5966,51.5225],[3.5837,51.5196],[3.5788,51.5124],[3.5834,51.5087],[3.5753,51.5066],[3.5849,51.4944],[3.5796,51.4892],[3.587,51.4793],[3.5823,51.4758],[3.5661,51.4782],[3.5646,51.4704],[3.5266,51.4629],[3.4958,51.4937],[3.4338,51.5265],[3.4383,51.5424],[3.5524,51.5896],[3.5824,51.5947],[3.6295,51.5902]]],[[[3.7199,51.6491],[3.7133,51.639],[3.7183,51.6407],[3.7139,51.6348],[3.721,51.6342],[3.7096,51.6324],[3.7243,51.6274],[3.727,51.6298],[3.7229,51.6318],[3.7307,51.6329],[3.723,51.6375],[3.7317,51.6323],[3.7223,51.6249],[3.7086,51.6312],[3.7037,51.6219],[3.6975,51.6288],[3.6901,51.623],[3.701,51.6199],[3.6873,51.6217],[3.6862,51.6167],[3.694,51.6165],[3.6843,51.6148],[3.6808,51.6001],[3.6838,51.6149],[3.6741,51.6202],[3.6818,51.6173],[3.6828,51.6207],[3.6676,51.6219],[3.6825,51.6234],[3.6985,51.6426],[3.7039,51.6441],[3.6984,51.6405],[3.7032,51.6376],[3.7199,51.6491]]]]},"properties":{}},{"type":"Feature","geometry":{"type":"MultiPolygon","coordinates":[[[[3.703,51.45],[3.6964,51.4459],[3.7085,51.4347],[3.6852,51.447],[3.6749,51.4468],[3.6864,51.4573],[3.703,51.45]]],[[[3.7111,51.4655],[3.7149,51.4636],[3.7103,51.4546],[3.6927,51.4588],[3.7111,51.4655]]],[[[3.7065,51.4787],[3.6957,51.4711],[3.7063,51.471],[3.7034,51.4674],[3.6729,51.461],[3.6756,51.4576],[3.6627,51.4589],[3.6562,51.4531],[3.6668,51.4495],[3.6563,51.4521],[3.6323,51.4415],[3.6091,51.4402],[3.5969,51.4517],[3.5964,51.4416],[3.6009,51.4397],[3.5758,51.4382],[3.5266,51.4629],[3.5646,51.4704],[3.5661,51.4782],[3.5757,51.4744],[3.5894,51.4798],[3.5997,51.4753],[3.6018,51.4793],[3.6217,51.4755],[3.629,51.4808],[3.6484,51.4698],[3.6615,51.4683],[3.6957,51.481],[3.7065,51.4787]]]]},"properties":{}},{"type":"Feature","geometry":{"type":"MultiPolygon","coordinates":[[[[5.0215,52.3025],[5.0219,52.2827],[5.0075,52.2317],[4.9947,52.2325],[4.9804,52.2268],[4.9829,52.2224],[4.9737,52.2206],[4.9666,52.2001],[4.9509,52.1986],[4.9486,52.1858],[4.934,52.1769],[4.9286,52.1672],[4.8922,52.1618],[4.8555,52.179],[4.8441,52.1801],[4.8136,52.2018],[4.8029,52.201],[4.8021,52.2176],[4.7946,52.2267],[4.8428,52.2353],[4.8701,52.2533],[4.911,52.2527],[4.9294,52.2684],[4.9264,52.2797],[4.9676,52.2796],[4.9835,52.2904],[4.9975,52.2891],[5.0127,52.3036],[5.0215,52.3025]]]]},"properties":{}},{"type":"Feature","geometry":{"type":"MultiPolygon","coordinates":[[[[5.9425,53.2505],[5.956,53.2281],[5.9853,53.2307],[6.0174,53.2412],[6.0274,53.2302],[6.0863,53.215],[6.0793,53.2108],[6.084,53.2085],[6.0792,53.2068],[6.0853,53.1942],[6.1146,53.176],[6.1045,53.1504],[6.0939,53.1561],[6.0888,53.1539],[6.0852,53.159],[6.0129,53.1545],[5.9435,53.1216],[5.9234,53.1309],[5.9086,53.1448],[5.9319,53.1611],[5.9328,53.1703],[5.8619,53.1715],[5.851,53.1917],[5.8621,53.1936],[5.8577,53.2041],[5.8979,53.2087],[5.9071,53.211],[5.9059,53.215],[5.889,53.218],[5.8969,53.223],[5.8807,53.225],[5.8799,53.2332],[5.8526,53.2305],[5.8592,53.2433],[5.8322,53.2429],[5.8297,53.2576],[5.8327,53.2685],[5.8477,53.2852],[5.8612,53.2887],[5.9258,53.2524],[5.9425,53.2505]]]]},"properties":{}},{"type":"Feature","geometry":{"type":"MultiPolygon","coordinates":[[[[5.7182,51.4387],[5.7557,51.4343],[5.7879,51.4126],[5.8319,51.3993],[5.8541,51.3764],[5.8566,51.3538],[5.8704,51.3525],[5.7704,51.3338],[5.7455,51.3711],[5.7402,51.3698],[5.7363,51.3894],[5.7029,51.4125],[5.694,51.4392],[5.7182,51.4387]]]]},"properties":{}},{"type":"Feature","geometry":{"type":"MultiPolygon","coordinates":[[[[4.8722,51.4129],[4.8731,51.4124],[4.8719,51.4122],[4.8724,51.4115],[4.8697,51.4112],[4.8692,51.4118],[4.8706,51.4127],[4.8715,51.4124],[4.8722,51.4129]]],[[[4.9354,51.4321],[4.9342,51.432],[4.9341,51.4334],[4.9355,51.4335],[4.9354,51.4321]]],[[[4.9328,51.4353],[4.9327,51.4344],[4.9313,51.4347],[4.9313,51.4364],[4.9327,51.4365],[4.9328,51.4353]]],[[[4.9316,51.4372],[4.9314,51.4366],[4.9309,51.4367],[4.9307,51.4372],[4.9316,51.4372]]],[[[4.9368,51.4363],[4.9355,51.4362],[4.9354,51.4375],[4.9365,51.4375],[4.9368,51.4363]]],[[[4.9322,51.4388],[4.9311,51.4388],[4.9306,51.4399],[4.9324,51.44],[4.9322,51.4388]]],[[[4.9237,51.4378],[4.9223,51.4377],[4.9215,51.4392],[4.9227,51.4401],[4.9224,51.4403],[4.9242,51.4418],[4.9251,51.4417],[4.9243,51.4411],[4.9249,51.4407],[4.9233,51.4398],[4.9248,51.4391],[4.9237,51.4378]]],[[[4.8539,51.4784],[4.8913,51.4782],[4.9416,51.4571],[4.9767,51.4613],[5.011,51.456],[5.0044,51.4446],[4.921,51.3937],[4.9138,51.3951],[4.9243,51.3978],[4.9102,51.4023],[4.9,51.4147],[4.8971,51.4117],[4.883,51.4165],[4.8674,51.4091],[4.8395,51.4146],[4.7893,51.409],[4.7712,51.4149],[4.7666,51.4305],[4.7866,51.4325],[4.8364,51.4173],[4.8415,51.4224],[4.8282,51.4223],[4.8234,51.4486],[4.8354,51.4585],[4.844,51.4591],[4.8361,51.4612],[4.8419,51.4807],[4.8539,51.4784]],[[4.9483,51.451],[4.9331,51.4495],[4.9404,51.4452],[4.9528,51.4516],[4.9483,51.451]],[[4.9478,51.4457],[4.9457,51.4445],[4.9458,51.444],[4.9439,51.4438],[4.944,51.4437],[4.9463,51.444],[4.948,51.444],[4.9481,51.4437],[4.9499,51.4437],[4.949,51.4447],[4.9496,51.4448],[4.9496,51.4453],[4.9478,51.4457]],[[4.94,51.4361],[4.9337,51.4409],[4.9399,51.4438],[4.9355,51.4463],[4.9283,51.4386],[4.923,51.4474],[4.9183,51.4458],[4.9224,51.4427],[4.9207,51.4373],[4.915,51.4354],[4.936,51.4295],[4.94,51.4361]],[[4.9189,51.444],[4.9184,51.4441],[4.9181,51.444],[4.9182,51.4434],[4.9185,51.4434],[4.9185,51.4436],[4.9189,51.444]],[[4.9315,51.4476],[4.9319,51.4467],[4.9341,51.4474],[4.9332,51.4483],[4.9315,51.4476]],[[4.9291,51.4481],[4.9284,51.4487],[4.9273,51.4486],[4.9284,51.4478],[4.9291,51.4481]],[[4.9295,51.4496],[4.9304,51.4487],[4.9318,51.4493],[4.9307,51.4504],[4.9295,51.4496]],[[4.9269,51.4454],[4.9255,51.4467],[4.9242,51.4464],[4.9257,51.4449],[4.9263,51.4452],[4.9269,51.4454]],[[4.941,51.4453],[4.9412,51.4449],[4.9423,51.4451],[4.9421,51.4455],[4.941,51.4453]],[[4.9398,51.4398],[4.9408,51.4393],[4.9414,51.438],[4.9422,51.4381],[4.9419,51.439],[4.9431,51.4402],[4.9421,51.44],[4.9398,51.4398]],[[4.9324,51.4061],[4.9285,51.4051],[4.9364,51.4053],[4.9358,51.4093],[4.9294,51.4081],[4.9324,51.4061]],[[4.941,51.4346],[4.9428,51.4351],[4.9422,51.4365],[4.94,51.4361],[4.941,51.4346]]]]},"properties":{}},{"type":"Feature","geometry":{"type":"MultiPolygon","coordinates":[[[[4.318,51.5512],[4.3163,51.5455],[4.3069,51.5435],[4.3276,51.5352],[4.3256,51.5296],[4.3428,51.5264],[4.3422,51.518],[4.3516,51.5177],[4.3516,51.4999],[4.3582,51.4926],[4.3726,51.4878],[4.3717,51.4791],[4.3616,51.4764],[4.367,51.4567],[4.328,51.4642],[4.3112,51.4602],[4.3074,51.4662],[4.2991,51.4668],[4.2937,51.4454],[4.2832,51.4397],[4.2654,51.4397],[4.2189,51.5049],[4.2361,51.5504],[4.252,51.5707],[4.2982,51.5589],[4.2962,51.5539],[4.318,51.5512]]]]},"properties":{}},{"type":"Feature","geometry":{"type":"MultiPolygon","coordinates":[[[[5.4054,51.5484],[5.4475,51.5121],[5.4426,51.4939],[5.4013,51.4838],[5.3559,51.4961],[5.3495,51.5172],[5.3555,51.5289],[5.3686,51.5315],[5.3569,51.5447],[5.4054,51.5484]]]]},"properties":{}},{"type":"Feature","geometry":{"type":"MultiPolygon","coordinates":[[[[5.6815,51.629],[5.7505,51.6227],[5.7586,51.5939],[5.6994,51.5841],[5.6514,51.5824],[5.6429,51.6062],[5.6266,51.6234],[5.6815,51.629]]]]},"properties":{}},{"type":"Feature","geometry":{"type":"MultiPolygon","coordinates":[[[[5.3177,51.6346],[5.3384,51.6221],[5.3438,51.623],[5.3432,51.6169],[5.3321,51.6111],[5.336,51.6031],[5.3862,51.6009],[5.3814,51.5962],[5.3896,51.5897],[5.3814,51.5876],[5.3937,51.5799],[5.3914,51.5762],[5.4038,51.5759],[5.398,51.5658],[5.4052,51.562],[5.4042,51.5483],[5.3685,51.5435],[5.3439,51.5445],[5.3249,51.5512],[5.3084,51.546],[5.2644,51.558],[5.2462,51.5795],[5.2479,51.5898],[5.2787,51.6048],[5.2688,51.6125],[5.2806,51.6223],[5.2947,51.6213],[5.3043,51.6249],[5.3083,51.633],[5.3177,51.6346]]]]},"properties":{}},{"type":"Feature","geometry":{"type":"MultiPolygon","coordinates":[[[[4.7627,51.635],[4.7657,51.6291],[4.7875,51.637],[4.8183,51.6316],[4.8427,51.617],[4.8391,51.6089],[4.8436,51.6039],[4.8341,51.5974],[4.842,51.596],[4.8457,51.5835],[4.8642,51.5791],[4.8717,51.5671],[4.8673,51.5589],[4.8308,51.5504],[4.7701,51.5274],[4.7602,51.5193],[4.7489,51.519],[4.7509,51.5091],[4.76,51.5024],[4.7489,51.4967],[4.7466,51.4895],[4.734,51.4855],[4.7435,51.5109],[4.7415,51.5329],[4.7302,51.5364],[4.7251,51.5329],[4.7225,51.5352],[4.7284,51.5369],[4.704,51.5498],[4.6942,51.5448],[4.6937,51.568],[4.6821,51.5989],[4.6749,51.6002],[4.6756,51.6039],[4.6639,51.6041],[4.658,51.6205],[4.6651,51.6343],[4.6785,51.6326],[4.7318,51.6431],[4.7627,51.635]]]]},"properties":{}},{"type":"Feature","geometry":{"type":"MultiPolygon","coordinates":[[[[5.8526,51.5041],[5.8607,51.492],[5.8717,51.4501],[5.9313,51.3848],[5.8704,51.3525],[5.8566,51.3538],[5.8541,51.3764],[5.8319,51.3993],[5.7879,51.4126],[5.7557,51.4343],[5.7182,51.4387],[5.7182,51.4445],[5.73,51.4444],[5.7172,51.4682],[5.7361,51.4719],[5.7217,51.4851],[5.7738,51.4886],[5.8526,51.5041]]]]},"properties":{}},{"type":"Feature","geometry":{"type":"MultiPolygon","coordinates":[[[[6.9838,53.1177],[7.028,53.1161],[7.0299,53.1083],[7.0426,53.1019],[7.0133,53.0694],[7.0101,53.0737],[6.9904,53.0544],[6.9558,53.0139],[6.9359,53.0196],[6.9119,53.0347],[6.9055,53.0436],[6.9333,53.0496],[6.9244,53.0578],[6.9296,53.0734],[6.9606,53.0958],[6.9617,53.11],[6.9838,53.1177]]]]},"properties":{}},{"type":"Feature","geometry":{"type":"MultiPolygon","coordinates":[[[[4.9576,51.6603],[4.9579,51.6515],[4.9873,51.6546],[5.0045,51.6079],[4.9835,51.6074],[4.9529,51.6147],[4.9403,51.6102],[4.9119,51.6154],[4.9099,51.6183],[4.9156,51.6224],[4.9043,51.6243],[4.9118,51.6264],[4.9132,51.634],[4.9328,51.6507],[4.9344,51.6573],[4.9251,51.675],[4.9442,51.6789],[4.9576,51.6603]]]]},"properties":{}},{"type":"Feature","geometry":{"type":"MultiPolygon","coordinates":[[[[5.3338,51.4685],[5.356,51.4623],[5.3584,51.467],[5.3694,51.4653],[5.3567,51.4536],[5.3612,51.4486],[5.3558,51.4341],[5.3424,51.4311],[5.3398,51.4256],[5.3194,51.4238],[5.3171,51.4149],[5.3237,51.4062],[5.3544,51.4088],[5.3707,51.398],[5.374,51.3886],[5.3889,51.3765],[5.3483,51.3596],[5.3426,51.3527],[5.3468,51.3475],[5.342,51.3442],[5.3471,51.3375],[5.324,51.3329],[5.3167,51.3235],[5.2922,51.3182],[5.2634,51.3193],[5.286,51.3363],[5.2753,51.3627],[5.2798,51.3753],[5.2894,51.3889],[5.3109,51.3907],[5.3136,51.3994],[5.303,51.4075],[5.2814,51.405],[5.2376,51.4307],[5.2525,51.4379],[5.2484,51.4456],[5.3346,51.4629],[5.3338,51.4685]]]]},"properties":{}},{"type":"Feature","geometry":{"type":"MultiPolygon","coordinates":[[[[5.4764,51.4971],[5.5133,51.4963],[5.5156,51.4933],[5.5055,51.4836],[5.509,51.4694],[5.5325,51.4572],[5.5402,51.448],[5.5385,51.4435],[5.5468,51.4337],[5.5252,51.4279],[5.5258,51.4047],[5.5076,51.4045],[5.5046,51.4001],[5.4998,51.4039],[5.4693,51.4053],[5.4273,51.4027],[5.4294,51.4116],[5.4243,51.4315],[5.4146,51.4302],[5.4049,51.4371],[5.4008,51.433],[5.3892,51.4376],[5.3569,51.4382],[5.3612,51.4486],[5.3567,51.4536],[5.3694,51.4653],[5.3791,51.4638],[5.3907,51.4706],[5.391,51.4856],[5.4117,51.4846],[5.4426,51.4939],[5.4764,51.4971]]]]},"properties":{}},{"type":"Feature","geometry":{"type":"MultiPolygon","coordinates":[[[[4.6636,51.6254],[4.658,51.6205],[4.6639,51.6041],[4.6756,51.6039],[4.6749,51.6002],[4.6821,51.5989],[4.6937,51.568],[4.6942,51.5448],[4.6382,51.5172],[4.6401,51.5434],[4.6258,51.5474],[4.6248,51.5524],[4.592,51.5602],[4.5968,51.5903],[4.6139,51.608],[4.6012,51.6252],[4.6113,51.6285],[4.6292,51.624],[4.6582,51.6346],[4.6651,51.6343],[4.6636,51.6254]]]]},"properties":{}},{"type":"Feature","geometry":{"type":"MultiPolygon","coordinates":[[[[4.89,51.7198],[4.918,51.72],[4.9332,51.6768],[4.925,51.673],[4.9128,51.6766],[4.8802,51.6718],[4.8434,51.686],[4.8424,51.6797],[4.8236,51.7113],[4.89,51.7198]]]]},"properties":{}},{"type":"Feature","geometry":{"type":"MultiPolygon","coordinates":[[[[4.9403,51.6102],[4.9612,51.6062],[4.9729,51.5973],[4.9678,51.5687],[4.9512,51.558],[4.9535,51.5505],[4.9796,51.5442],[4.9566,51.5187],[4.9111,51.5101],[4.8662,51.5381],[4.8447,51.5333],[4.8424,51.5268],[4.8298,51.5279],[4.8368,51.5328],[4.8349,51.5386],[4.8643,51.552],[4.863,51.5573],[4.8717,51.5671],[4.8642,51.5791],[4.9185,51.6014],[4.9119,51.6154],[4.9403,51.6102]]]]},"properties":{}},{"type":"Feature","geometry":{"type":"MultiPolygon","coordinates":[[[[4.9934,51.5384],[5.0205,51.539],[5.0305,51.5295],[5.0523,51.5298],[5.0517,51.5351],[5.0603,51.5379],[5.0965,51.535],[5.1106,51.5389],[5.1001,51.5315],[5.1051,51.5282],[5.0981,51.525],[5.1009,51.5205],[5.095,51.5173],[5.0984,51.5154],[5.096,51.5099],[5.0882,51.5113],[5.0627,51.4929],[5.0684,51.4853],[5.0516,51.4871],[5.0497,51.4711],[5.0379,51.4793],[5.0388,51.487],[5.0083,51.4733],[4.9992,51.482],[4.988,51.483],[5.0004,51.4919],[4.9925,51.4939],[4.9946,51.4977],[4.9867,51.4953],[4.9923,51.5122],[4.9626,51.5259],[4.9741,51.5398],[4.9934,51.5384]]]]},"properties":{}},{"type":"Feature","geometry":{"type":"MultiPolygon","coordinates":[[[[5.6148,51.5004],[5.6348,51.4949],[5.6564,51.5073],[5.6751,51.4989],[5.67,51.5041],[5.6841,51.5077],[5.7082,51.5018],[5.705,51.4975],[5.7361,51.4719],[5.7172,51.4682],[5.73,51.4444],[5.7182,51.4445],[5.7182,51.4387],[5.6987,51.438],[5.6722,51.4577],[5.6145,51.449],[5.5847,51.4605],[5.5878,51.4635],[5.583,51.4655],[5.6052,51.471],[5.5858,51.4793],[5.5702,51.4969],[5.6097,51.5092],[5.6148,51.5004]]]]},"properties":{}},{"type":"Feature","geometry":{"type":"MultiPolygon","coordinates":[[[[5.444,51.7533],[5.4531,51.7324],[5.4632,51.7259],[5.4742,51.729],[5.4848,51.7133],[5.4977,51.7117],[5.4991,51.7071],[5.4783,51.7014],[5.4698,51.6891],[5.4588,51.692],[5.4517,51.6868],[5.4452,51.6886],[5.4474,51.695],[5.4414,51.6947],[5.4393,51.7004],[5.3593,51.6987],[5.3771,51.6788],[5.3522,51.6811],[5.3509,51.6771],[5.356,51.674],[5.3389,51.664],[5.3275,51.6734],[5.2988,51.6673],[5.2911,51.672],[5.2886,51.6819],[5.2384,51.6845],[5.2262,51.69],[5.2484,51.695],[5.2516,51.6994],[5.2358,51.7047],[5.2412,51.714],[5.23,51.7106],[5.2311,51.724],[5.21,51.7339],[5.2065,51.7415],[5.2221,51.7434],[5.2497,51.7336],[5.2757,51.7402],[5.296,51.7367],[5.3535,51.7555],[5.364,51.7515],[5.3908,51.76],[5.4388,51.765],[5.444,51.7533]]]]},"properties":{}},{"type":"Feature","geometry":{"type":"MultiPolygon","coordinates":[[[[5.1857,51.7419],[5.2065,51.7415],[5.21,51.7339],[5.2311,51.724],[5.23,51.7106],[5.2412,51.714],[5.2358,51.7047],[5.2516,51.6994],[5.2484,51.695],[5.2268,51.6909],[5.2232,51.6738],[5.1668,51.669],[5.1577,51.6633],[5.1545,51.6549],[5.1601,51.6395],[5.1061,51.636],[5.1016,51.6613],[5.1015,51.6768],[5.1065,51.6773],[5.1031,51.7025],[5.1115,51.7036],[5.0985,51.7169],[5.0818,51.7223],[5.1265,51.7373],[5.1857,51.7419]]]]},"properties":{}},{"type":"Feature","geometry":{"type":"MultiPolygon","coordinates":[[[[5.1188,51.5459],[5.1302,51.5303],[5.1702,51.5111],[5.1906,51.5076],[5.2244,51.5171],[5.2265,51.5075],[5.2359,51.5139],[5.2512,51.5096],[5.251,51.5062],[5.2471,51.4989],[5.2284,51.4987],[5.23,51.4897],[5.2253,51.4884],[5.2204,51.4729],[5.2097,51.4656],[5.191,51.4302],[5.102,51.4289],[5.1046,51.4313],[5.0786,51.4714],[5.0488,51.4719],[5.0516,51.4871],[5.0684,51.4853],[5.0627,51.4929],[5.0882,51.5113],[5.096,51.5099],[5.0984,51.5154],[5.095,51.5173],[5.1009,51.5205],[5.0981,51.525],[5.1051,51.5282],[5.1001,51.5315],[5.1188,51.5459]]]]},"properties":{}},{"type":"Feature","geometry":{"type":"MultiPolygon","coordinates":[[[[5.104,51.6749],[5.1016,51.6613],[5.1061,51.636],[5.0981,51.6282],[5.103,51.6169],[5.0937,51.6112],[5.0794,51.6108],[5.0755,51.6058],[5.0741,51.6095],[5.0602,51.6108],[5.045,51.6111],[5.042,51.6061],[5.0045,51.6079],[4.9873,51.6546],[4.9922,51.6763],[5.0492,51.6616],[5.0584,51.6617],[5.0606,51.6711],[5.104,51.6749]]]]},"properties":{}},{"type":"Feature","geometry":{"type":"MultiPolygon","coordinates":[[[[5.5479,51.5381],[5.5577,51.5094],[5.5767,51.4995],[5.5702,51.4969],[5.5858,51.4793],[5.6052,51.471],[5.583,51.4655],[5.5878,51.4635],[5.5662,51.4415],[5.5468,51.4337],[5.5325,51.4572],[5.509,51.4694],[5.5055,51.4836],[5.5156,51.4933],[5.5098,51.4986],[5.5261,51.5014],[5.5463,51.5127],[5.5407,51.5207],[5.5456,51.5199],[5.5447,51.5235],[5.5309,51.525],[5.5479,51.5381]]]]},"properties":{}},{"type":"Feature","geometry":{"type":"MultiPolygon","coordinates":[[[[5.299,51.5478],[5.3331,51.5511],[5.3439,51.5445],[5.3569,51.5447],[5.3686,51.5315],[5.3555,51.5289],[5.3495,51.5172],[5.3513,51.5061],[5.3559,51.4961],[5.3646,51.4914],[5.3897,51.4875],[5.3907,51.4706],[5.3791,51.4638],[5.3584,51.467],[5.356,51.4623],[5.3338,51.4685],[5.3346,51.4629],[5.2484,51.4456],[5.2525,51.4379],[5.2293,51.4255],[5.2237,51.4251],[5.2092,51.4365],[5.191,51.4302],[5.2097,51.4656],[5.2204,51.4729],[5.2253,51.4884],[5.23,51.4897],[5.2284,51.4987],[5.2471,51.4989],[5.251,51.5062],[5.2512,51.5096],[5.2359,51.5139],[5.2265,51.5075],[5.2244,51.5171],[5.2348,51.531],[5.244,51.5258],[5.2533,51.5403],[5.2769,51.5449],[5.2733,51.5528],[5.299,51.5478]]]]},"properties":{}},{"type":"Feature","geometry":{"type":"MultiPolygon","coordinates":[[[[5.264,51.6182],[5.2787,51.6048],[5.2479,51.5898],[5.2462,51.5795],[5.2769,51.5449],[5.2533,51.5403],[5.244,51.5258],[5.2348,51.531],[5.2308,51.5209],[5.2147,51.5117],[5.1906,51.5076],[5.1702,51.5111],[5.1302,51.5303],[5.1419,51.5421],[5.1387,51.546],[5.1478,51.5471],[5.1376,51.5521],[5.1378,51.5632],[5.1508,51.5801],[5.2224,51.6218],[5.2282,51.6159],[5.2555,51.6249],[5.264,51.6182]]]]},"properties":{}},{"type":"Feature","geometry":{"type":"MultiPolygon","coordinates":[[[[4.8627,51.6771],[4.8802,51.6718],[4.9128,51.6766],[4.925,51.673],[4.9344,51.6573],[4.9328,51.6507],[4.9111,51.6312],[4.9118,51.6264],[4.9043,51.6243],[4.9156,51.6224],[4.9099,51.6183],[4.9185,51.6014],[4.8692,51.5784],[4.8457,51.5835],[4.842,51.596],[4.8341,51.5974],[4.8436,51.6039],[4.8391,51.6089],[4.8427,51.617],[4.8183,51.6316],[4.7889,51.6344],[4.7965,51.6412],[4.7811,51.6639],[4.8427,51.6797],[4.8434,51.686],[4.8627,51.6771]]]]},"properties":{}},{"type":"Feature","geometry":{"type":"MultiPolygon","coordinates":[[[[5.5356,51.8166],[5.5453,51.8174],[5.5582,51.8275],[5.5888,51.8297],[5.6178,51.8201],[5.6352,51.8195],[5.6442,51.816],[5.6634,51.7945],[5.6858,51.7912],[5.7112,51.775],[5.6909,51.7591],[5.6801,51.7614],[5.6747,51.768],[5.6672,51.7523],[5.6487,51.7643],[5.5764,51.7449],[5.5809,51.7314],[5.5291,51.7404],[5.4632,51.7259],[5.4519,51.734],[5.4388,51.765],[5.3908,51.76],[5.364,51.7515],[5.3535,51.7555],[5.3599,51.7606],[5.3625,51.7795],[5.369,51.7898],[5.4061,51.8224],[5.4293,51.8114],[5.4496,51.8097],[5.4742,51.8146],[5.4818,51.8271],[5.496,51.8306],[5.5177,51.8193],[5.5356,51.8166]]]]},"properties":{}},{"type":"Feature","geometry":{"type":"MultiPolygon","coordinates":[[[[4.5366,51.5658],[4.5287,51.5555],[4.5304,51.5493],[4.5918,51.561],[4.6248,51.5524],[4.6258,51.5474],[4.6401,51.5434],[4.6387,51.5244],[4.625,51.5211],[4.6164,51.5081],[4.5796,51.5107],[4.5897,51.4967],[4.5762,51.4925],[4.5723,51.4827],[4.5561,51.4856],[4.5482,51.4733],[4.5382,51.4824],[4.4867,51.4774],[4.4854,51.4816],[4.4929,51.4833],[4.4903,51.487],[4.4981,51.5018],[4.4967,51.5083],[4.5022,51.5167],[4.5143,51.5179],[4.522,51.5318],[4.5232,51.5426],[4.4975,51.5463],[4.5016,51.5633],[4.5094,51.5686],[4.5366,51.5658]]]]},"properties":{}},{"type":"Feature","geometry":{"type":"MultiPolygon","coordinates":[[[[5.4396,51.6987],[5.4474,51.695],[5.4452,51.6886],[5.4569,51.6876],[5.445,51.6643],[5.4326,51.6642],[5.4284,51.6565],[5.4146,51.6557],[5.406,51.6483],[5.3791,51.6473],[5.3719,51.6419],[5.3832,51.6385],[5.3714,51.6372],[5.3712,51.633],[5.3833,51.6316],[5.3949,51.6058],[5.3428,51.6002],[5.336,51.6031],[5.3321,51.6111],[5.3432,51.6169],[5.3438,51.623],[5.3384,51.6221],[5.3177,51.6346],[5.3212,51.637],[5.3191,51.65],[5.304,51.6655],[5.3275,51.6734],[5.3389,51.664],[5.356,51.674],[5.3509,51.6771],[5.3522,51.6811],[5.3771,51.6788],[5.3593,51.6987],[5.4396,51.6987]]]]},"properties":{}},{"type":"Feature","geometry":{"type":"MultiPolygon","coordinates":[[[[5.7394,51.3747],[5.7704,51.3338],[5.6708,51.3162],[5.672,51.3237],[5.6668,51.3267],[5.6389,51.3891],[5.639,51.4225],[5.6441,51.4409],[5.6533,51.4466],[5.6565,51.4566],[5.6722,51.4577],[5.694,51.4392],[5.7029,51.4125],[5.7363,51.3894],[5.7394,51.3747]]]]},"properties":{}},{"type":"Feature","geometry":{"type":"MultiPolygon","coordinates":[[[[5.4879,51.5414],[5.4934,51.5267],[5.5037,51.5265],[5.5001,51.5214],[5.5402,51.526],[5.5447,51.5235],[5.5456,51.5199],[5.5407,51.5207],[5.5463,51.5127],[5.5114,51.4969],[5.4426,51.4939],[5.4475,51.5121],[5.4238,51.5341],[5.4879,51.5414]]]]},"properties":{}},{"type":"Feature","geometry":{"type":"MultiPolygon","coordinates":[[[[4.3712,51.6562],[4.4091,51.6327],[4.4239,51.6303],[4.4378,51.6171],[4.4267,51.6117],[4.4329,51.5828],[4.444,51.5691],[4.4384,51.5564],[4.3736,51.544],[4.2962,51.5539],[4.2982,51.5589],[4.252,51.5707],[4.2361,51.5504],[4.2281,51.5637],[4.1989,51.586],[4.1908,51.5974],[4.1977,51.618],[4.2145,51.6277],[4.2373,51.634],[4.2587,51.6315],[4.3093,51.6453],[4.3371,51.6452],[4.3712,51.6562]]]]},"properties":{}},{"type":"Feature","geometry":{"type":"MultiPolygon","coordinates":[[[[4.998,52.4947],[5.0246,52.4849],[5.0591,52.491],[5.0606,52.4767],[5.0685,52.4688],[5.0336,52.4674],[5.0409,52.4582],[5.0552,52.4609],[5.0485,52.4551],[5.0494,52.4394],[5.0888,52.4348],[5.0926,52.4517],[5.1049,52.4673],[5.1136,52.4618],[5.1394,52.4597],[5.0949,52.4485],[5.0919,52.4374],[5.0749,52.4287],[5.0683,52.4166],[5.03,52.4156],[5.0284,52.4194],[5.0003,52.4254],[4.9871,52.4228],[4.9826,52.4268],[4.9478,52.4216],[4.9483,52.484],[4.9539,52.483],[4.958,52.4712],[4.974,52.4704],[4.998,52.4947]]]]},"properties":{}},{"type":"Feature","geometry":{"type":"MultiPolygon","coordinates":[[[[5.179,51.6417],[5.1918,51.6395],[5.1937,51.6306],[5.2107,51.6156],[5.1472,51.5768],[5.1378,51.5632],[5.1376,51.5521],[5.1478,51.5471],[5.1387,51.546],[5.1419,51.5421],[5.1302,51.5303],[5.1188,51.5459],[5.1028,51.536],[5.0603,51.5379],[5.0517,51.5351],[5.0523,51.5298],[5.0305,51.5295],[5.0225,51.5385],[4.9755,51.5401],[4.9796,51.5442],[4.9535,51.5505],[4.9511,51.5609],[4.967,51.5673],[4.9734,51.5921],[4.9678,51.6029],[4.9478,51.6112],[4.9529,51.6147],[4.9835,51.6074],[5.042,51.6061],[5.045,51.6111],[5.0706,51.6103],[5.0755,51.6058],[5.0794,51.6108],[5.0937,51.6112],[5.103,51.6169],[5.0981,51.6282],[5.1061,51.636],[5.179,51.6417]]]]},"properties":{}},{"type":"Feature","geometry":{"type":"MultiPolygon","coordinates":[[[[5.5164,51.3783],[5.5272,51.3669],[5.4941,51.3555],[5.496,51.3465],[5.4736,51.334],[5.4914,51.3142],[5.4769,51.2914],[5.4648,51.2846],[5.4418,51.2821],[5.4174,51.2623],[5.3878,51.2852],[5.3972,51.2906],[5.3927,51.294],[5.3977,51.3143],[5.4129,51.3205],[5.4258,51.312],[5.4339,51.3243],[5.4212,51.3384],[5.4252,51.3454],[5.4197,51.3592],[5.4214,51.3743],[5.4392,51.3663],[5.5085,51.3728],[5.5164,51.3783]]]]},"properties":{}},{"type":"Feature","geometry":{"type":"MultiPolygon","coordinates":[[[[5.3791,51.4366],[5.4008,51.433],[5.4049,51.4371],[5.4146,51.4302],[5.4263,51.4304],[5.4299,51.4062],[5.4178,51.3902],[5.4218,51.3834],[5.3889,51.3765],[5.374,51.3886],[5.3707,51.398],[5.3544,51.4088],[5.3237,51.4062],[5.3171,51.4149],[5.3194,51.4238],[5.3398,51.4256],[5.3569,51.4382],[5.3791,51.4366]]]]},"properties":{}},{"type":"Feature","geometry":{"type":"MultiPolygon","coordinates":[[[[5.2384,51.6845],[5.2873,51.6823],[5.2911,51.672],[5.2988,51.6673],[5.3188,51.6709],[5.3038,51.664],[5.3191,51.65],[5.3212,51.637],[5.3083,51.633],[5.3043,51.6249],[5.2947,51.6213],[5.2806,51.6223],[5.2688,51.6125],[5.2555,51.6249],[5.242,51.6179],[5.2259,51.616],[5.2224,51.6218],[5.2107,51.6156],[5.1937,51.6306],[5.1918,51.6395],[5.1601,51.6395],[5.1545,51.6549],[5.1577,51.6633],[5.1668,51.669],[5.2232,51.6738],[5.2262,51.69],[5.2384,51.6845]]]]},"properties":{}},{"type":"Feature","geometry":{"type":"MultiPolygon","coordinates":[[[[5.4693,51.4053],[5.4998,51.4039],[5.5164,51.3783],[5.5085,51.3728],[5.4392,51.3663],[5.4232,51.3744],[5.4256,51.3792],[5.4176,51.3891],[5.4273,51.4027],[5.4693,51.4053]]]]},"properties":{}},{"type":"Feature","geometry":{"type":"MultiPolygon","coordinates":[[[[5.0277,51.7111],[5.0536,51.7118],[5.0818,51.7223],[5.0957,51.7183],[5.1115,51.7036],[5.1031,51.7025],[5.1065,51.6773],[5.0606,51.6711],[5.0584,51.6617],[5.0492,51.6616],[4.9922,51.6763],[4.9873,51.6546],[4.9579,51.6515],[4.9537,51.6708],[4.9442,51.6789],[4.9332,51.6768],[4.918,51.72],[4.9585,51.7226],[5.0277,51.7111]]]]},"properties":{}},{"type":"Feature","geometry":{"type":"MultiPolygon","coordinates":[[[[4.2991,51.4668],[4.3074,51.4662],[4.3112,51.4602],[4.328,51.4642],[4.3911,51.4515],[4.3793,51.4468],[4.392,51.4464],[4.3988,51.4352],[4.3925,51.4325],[4.3952,51.4269],[4.3837,51.4211],[4.3916,51.4082],[4.4317,51.375],[4.4251,51.3713],[4.4314,51.3639],[4.4219,51.3652],[4.3845,51.3544],[4.3414,51.3576],[4.3345,51.3776],[4.2774,51.376],[4.2663,51.3865],[4.2691,51.4003],[4.2637,51.4164],[4.2759,51.425],[4.2654,51.4397],[4.2832,51.4397],[4.2937,51.4454],[4.2991,51.4668]]]]},"properties":{}},{"type":"Feature","geometry":{"type":"MultiPolygon","coordinates":[[[[4.7225,51.5352],[4.7415,51.5329],[4.7435,51.5109],[4.734,51.4855],[4.7169,51.4689],[4.7032,51.467],[4.6931,51.4517],[4.6666,51.4442],[4.6697,51.4264],[4.6517,51.4269],[4.6413,51.422],[4.5747,51.4328],[4.5354,51.423],[4.5299,51.4495],[4.5561,51.4856],[4.5723,51.4827],[4.5762,51.4925],[4.5897,51.4967],[4.5796,51.5107],[4.6164,51.5081],[4.6277,51.5225],[4.6387,51.5244],[4.6382,51.5172],[4.6431,51.5181],[4.704,51.5498],[4.7284,51.5369],[4.7225,51.5352]]]]},"properties":{}},{"type":"Feature","geometry":{"type":"MultiPolygon","coordinates":[[[[4.834,52.5389],[4.8433,52.5268],[4.9347,52.5104],[4.9251,52.5055],[4.9238,52.4932],[4.9065,52.4798],[4.8905,52.479],[4.8626,52.4685],[4.7924,52.4911],[4.7951,52.4962],[4.7899,52.5192],[4.8244,52.5338],[4.817,52.5356],[4.8244,52.5426],[4.834,52.5389]]]]},"properties":{}},{"type":"Feature","geometry":{"type":"MultiPolygon","coordinates":[[[[6.0441,50.9294],[6.0562,50.9272],[6.054,50.9222],[6.0941,50.9207],[6.0798,50.9058],[6.0429,50.9004],[6.0404,50.8921],[6.0455,50.8899],[6.0371,50.8863],[6.0311,50.8716],[6.0159,50.8702],[6.0079,50.8858],[5.9966,50.8925],[5.9907,50.9062],[6.0182,50.9347],[6.0441,50.9294]]]]},"properties":{}},{"type":"Feature","geometry":{"type":"MultiPolygon","coordinates":[[[[5.8324,50.9473],[5.8399,50.9502],[5.8569,50.944],[5.8508,50.9285],[5.8416,50.9198],[5.7922,50.9105],[5.7824,50.9134],[5.7588,50.8986],[5.7548,50.9006],[5.7736,50.9234],[5.7725,50.9285],[5.7837,50.943],[5.78,50.9453],[5.7934,50.9519],[5.8021,50.9474],[5.8125,50.9548],[5.8324,50.9473]]]]},"properties":{}},{"type":"Feature","geometry":{"type":"MultiPolygon","coordinates":[[[[6.0874,51.295],[6.1145,51.2892],[6.1248,51.2775],[6.0856,51.2476],[6.0727,51.2426],[6.0513,51.2525],[6.0276,51.2456],[6.0059,51.2587],[6.0096,51.2658],[6.0282,51.2681],[6.0494,51.2871],[6.0874,51.295]]]]},"properties":{}},{"type":"Feature","geometry":{"type":"MultiPolygon","coordinates":[[[[6.0366,51.6728],[6.1181,51.656],[6.1094,51.6469],[6.0995,51.6235],[6.0939,51.6222],[6.0914,51.6058],[6.1215,51.5927],[6.1306,51.5811],[6.157,51.5666],[6.1769,51.5386],[6.1999,51.5274],[6.2134,51.5078],[6.1692,51.5031],[6.1617,51.5119],[6.1197,51.5318],[6.1119,51.5463],[6.0807,51.5469],[6.0415,51.5636],[6.0387,51.5841],[6.0263,51.5956],[6.0227,51.6189],[5.996,51.6369],[5.9766,51.6438],[6.0154,51.6622],[6.0318,51.663],[6.0243,51.6698],[6.0319,51.6762],[6.0366,51.6728]]]]},"properties":{}},{"type":"Feature","geometry":{"type":"MultiPolygon","coordinates":[[[[5.9691,50.961],[6.0169,50.9526],[6.0161,50.9308],[6.0117,50.9264],[5.9549,50.9338],[5.9419,50.9271],[5.9285,50.9366],[5.9344,50.9386],[5.9314,50.9416],[5.936,50.9463],[5.9691,50.961]]]]},"properties":{}},{"type":"Feature","geometry":{"type":"MultiPolygon","coordinates":[[[[5.9523,51.7427],[5.9552,51.7381],[5.9942,51.7383],[6.0449,51.7169],[6.0261,51.7087],[6.0323,51.6839],[6.0319,51.6762],[6.0243,51.6698],[6.0318,51.663],[6.0154,51.6622],[5.9766,51.6438],[5.9675,51.6493],[5.9554,51.7091],[5.9195,51.7177],[5.9337,51.7332],[5.9345,51.7397],[5.9533,51.748],[5.9523,51.7427]]]]},"properties":{}},{"type":"Feature","geometry":{"type":"MultiPolygon","coordinates":[[[[5.9372,50.9296],[5.9419,50.9271],[5.9623,50.934],[5.9752,50.9289],[6.0124,50.9263],[5.9907,50.9062],[5.9966,50.8925],[6.0079,50.8858],[6.0101,50.8776],[6.0203,50.8688],[6.0006,50.8577],[6.018,50.8438],[6.0163,50.8339],[6.0253,50.8278],[6.0256,50.8192],[6.0175,50.8217],[6.0115,50.8308],[6.003,50.832],[6.0041,50.8377],[5.9792,50.8493],[5.9235,50.9056],[5.8955,50.9201],[5.9285,50.9366],[5.9372,50.9296]]]]},"properties":{}},{"type":"Feature","geometry":{"type":"MultiPolygon","coordinates":[[[[6.0799,50.9029],[6.0754,50.8905],[6.0881,50.8724],[6.0775,50.861],[6.0742,50.8465],[6.0567,50.8511],[6.056,50.8572],[6.0157,50.8438],[6.0006,50.8577],[6.0203,50.8688],[6.0171,50.8705],[6.0311,50.8716],[6.0371,50.8863],[6.0455,50.8899],[6.0404,50.8921],[6.0429,50.9004],[6.0799,50.9029]]]]},"properties":{}},{"type":"Feature","geometry":{"type":"MultiPolygon","coordinates":[[[[5.7315,50.8829],[5.7359,50.8822],[5.733,50.8751],[5.7627,50.8665],[5.7493,50.8571],[5.7573,50.8553],[5.7549,50.8418],[5.7406,50.8392],[5.7467,50.8359],[5.7435,50.8213],[5.7173,50.8145],[5.7169,50.8038],[5.7098,50.8042],[5.7095,50.8083],[5.6542,50.82],[5.6562,50.8243],[5.6489,50.8268],[5.6514,50.8318],[5.6389,50.8477],[5.6427,50.8501],[5.6417,50.8642],[5.6495,50.8683],[5.6442,50.8713],[5.6696,50.8818],[5.6793,50.8805],[5.6825,50.8885],[5.6962,50.8986],[5.6983,50.9102],[5.7173,50.9076],[5.7126,50.9027],[5.7315,50.8829]]]]},"properties":{}},{"type":"Feature","geometry":{"type":"MultiPolygon","coordinates":[[[[5.7489,50.941],[5.7486,50.9359],[5.7738,50.9256],[5.7555,50.8996],[5.7747,50.9113],[5.8023,50.9136],[5.7966,50.9075],[5.8035,50.898],[5.7966,50.8977],[5.7984,50.8829],[5.7777,50.8837],[5.7742,50.8735],[5.767,50.8732],[5.7627,50.8665],[5.733,50.8751],[5.7359,50.8822],[5.7265,50.8841],[5.713,50.9063],[5.7245,50.9106],[5.7269,50.9238],[5.746,50.9434],[5.7489,50.941]]]]},"properties":{}},{"type":"Feature","geometry":{"type":"MultiPolygon","coordinates":[[[[5.9328,51.7419],[5.9383,51.7416],[5.9195,51.7177],[5.8938,51.7221],[5.8854,51.7283],[5.8796,51.7499],[5.8645,51.7577],[5.8692,51.7629],[5.8679,51.7755],[5.8934,51.7779],[5.9111,51.7624],[5.9151,51.7525],[5.9333,51.7481],[5.9299,51.7444],[5.9328,51.7419]]]]},"properties":{}},{"type":"Feature","geometry":{"type":"MultiPolygon","coordinates":[[[[5.8507,51.2915],[5.8338,51.2749],[5.8467,51.2555],[5.855,51.2537],[5.8534,51.2445],[5.7949,51.2371],[5.7779,51.2504],[5.7441,51.2653],[5.7296,51.2812],[5.7089,51.2836],[5.669,51.2773],[5.657,51.2797],[5.644,51.2906],[5.6721,51.3151],[5.8402,51.3469],[5.8321,51.338],[5.8521,51.3207],[5.8778,51.3166],[5.8607,51.3108],[5.8507,51.2915]]]]},"properties":{}},{"type":"Feature","geometry":{"type":"MultiPolygon","coordinates":[[[[6.0255,51.2474],[6.0384,51.2461],[6.0548,51.2516],[6.0727,51.2426],[6.086,51.2227],[6.068,51.2206],[6.0731,51.1828],[6.0553,51.1844],[6.0571,51.1757],[6.0481,51.1748],[6.0636,51.1655],[6.0401,51.1605],[6.0135,51.1665],[5.9992,51.1622],[5.9979,51.1682],[5.9868,51.1694],[5.989,51.1735],[5.9836,51.1762],[5.9525,51.1588],[5.9172,51.1687],[5.9317,51.19],[6.002,51.2339],[6.0091,51.2508],[6.0059,51.2587],[6.0255,51.2474]]]]},"properties":{}},{"type":"Feature","geometry":{"type":"MultiPolygon","coordinates":[[[[5.9714,50.8578],[5.9792,50.8493],[6.0041,50.8377],[6.003,50.832],[6.0115,50.8308],[6.0248,50.8139],[6.0037,50.8015],[5.9694,50.8169],[5.9718,50.8212],[5.9595,50.8282],[5.9533,50.8482],[5.9548,50.8526],[5.9714,50.8578]]]]},"properties":{}},{"type":"Feature","geometry":{"type":"MultiPolygon","coordinates":[[[[5.7872,51.0192],[5.7748,51.0042],[5.7892,51.0012],[5.7822,50.9858],[5.7881,50.9486],[5.7793,50.9444],[5.7837,50.943],[5.7725,50.9285],[5.7554,50.9318],[5.7486,50.9359],[5.7459,50.9465],[5.7581,50.9508],[5.756,50.9577],[5.7462,50.9616],[5.7253,50.9556],[5.7201,50.9624],[5.7661,50.9977],[5.766,51.009],[5.7734,51.019],[5.7872,51.0192]]]]},"properties":{}},{"type":"Feature","geometry":{"type":"MultiPolygon","coordinates":[[[[5.9757,50.8024],[5.9799,50.7952],[6.0279,50.7738],[6.0184,50.7634],[6.021,50.7543],[5.9832,50.7528],[5.9607,50.7625],[5.9358,50.757],[5.9205,50.7693],[5.9239,50.7752],[5.9433,50.7731],[5.9455,50.7956],[5.9517,50.7938],[5.9648,50.8024],[5.9757,50.8024]]]]},"properties":{}},{"type":"Feature","geometry":{"type":"MultiPolygon","coordinates":[[[[6.2134,51.5078],[6.2128,51.4913],[6.2237,51.4687],[6.2206,51.4466],[6.2141,51.4465],[6.2148,51.4339],[6.2053,51.3995],[6.2267,51.4003],[6.2144,51.3896],[6.2264,51.3603],[6.1899,51.3395],[6.1942,51.3349],[6.169,51.333],[6.1538,51.3074],[6.1248,51.2775],[6.1145,51.2892],[6.0874,51.295],[6.0847,51.2975],[6.1154,51.322],[6.1167,51.3391],[6.1233,51.3434],[6.0996,51.3571],[6.0908,51.3715],[6.0776,51.3782],[6.0904,51.3859],[6.0721,51.3983],[6.0777,51.4202],[6.1162,51.4213],[6.1246,51.4148],[6.1353,51.4161],[6.1408,51.3949],[6.153,51.3959],[6.1496,51.4112],[6.1584,51.4227],[6.1543,51.4401],[6.1786,51.4658],[6.1776,51.4738],[6.1671,51.4858],[6.1692,51.5031],[6.2134,51.5078]]]]},"properties":{}},{"type":"Feature","geometry":{"type":"MultiPolygon","coordinates":[[[[6.0182,51.5633],[6.0317,51.5523],[6.0327,51.5567],[6.0446,51.559],[6.0807,51.5469],[6.1083,51.5476],[6.1197,51.5318],[6.1411,51.5195],[6.132,51.5115],[6.1269,51.5144],[6.122,51.5102],[6.1066,51.5183],[6.1071,51.5218],[6.0668,51.5237],[6.0663,51.5079],[6.0738,51.4952],[6.0684,51.4879],[6.0495,51.4904],[6.0302,51.4798],[5.875,51.4466],[5.8717,51.4501],[5.8607,51.492],[5.8526,51.5041],[5.8382,51.5664],[5.8915,51.5602],[5.9067,51.552],[5.9354,51.5536],[6.0043,51.5702],[6.0182,51.5633]]]]},"properties":{}},{"type":"Feature","geometry":{"type":"MultiPolygon","coordinates":[[[[5.9253,50.9039],[5.9694,50.8601],[5.9548,50.8526],[5.9548,50.8459],[5.9332,50.8397],[5.925,50.8488],[5.8912,50.8427],[5.8766,50.8566],[5.869,50.8567],[5.8731,50.8647],[5.8616,50.8824],[5.894,50.8856],[5.8904,50.8884],[5.9134,50.9027],[5.9253,50.9039]]]]},"properties":{}},{"type":"Feature","geometry":{"type":"MultiPolygon","coordinates":[[[[5.669,51.2773],[5.7089,51.2836],[5.7296,51.2812],[5.7441,51.2653],[5.7779,51.2504],[5.7918,51.2375],[5.7818,51.2201],[5.7732,51.2151],[5.7518,51.2136],[5.7492,51.2085],[5.7559,51.2068],[5.7396,51.1848],[5.7093,51.1804],[5.6897,51.1854],[5.658,51.1847],[5.6497,51.1936],[5.6541,51.1942],[5.6527,51.1977],[5.566,51.2209],[5.6188,51.2294],[5.626,51.2736],[5.644,51.2906],[5.657,51.2797],[5.669,51.2773]]]]},"properties":{}},{"type":"Feature","geometry":{"type":"MultiPolygon","coordinates":[[[[5.8327,50.8858],[5.8347,50.8806],[5.8616,50.8824],[5.8731,50.8647],[5.869,50.8567],[5.8766,50.8566],[5.888,50.847],[5.8756,50.8471],[5.874,50.8379],[5.8662,50.8387],[5.8574,50.8321],[5.8361,50.836],[5.8374,50.8314],[5.8317,50.8295],[5.8236,50.8304],[5.8212,50.8388],[5.8078,50.8415],[5.8016,50.8499],[5.7804,50.8495],[5.7493,50.8571],[5.7629,50.8641],[5.767,50.8732],[5.773,50.8723],[5.7777,50.8837],[5.7984,50.8829],[5.8099,50.8878],[5.8191,50.8839],[5.8366,50.8916],[5.8327,50.8858]]]]},"properties":{}},{"type":"Feature","geometry":{"type":"MultiPolygon","coordinates":[[[[5.5334,52.5777],[5.5294,52.5751],[5.5256,52.5773],[5.5296,52.5798],[5.5334,52.5777]]],[[[5.3021,52.6916],[5.3612,52.6744],[5.4158,52.6371],[5.4564,52.5936],[5.4686,52.5696],[5.4398,52.5555],[5.428,52.5381],[5.4271,52.5275],[5.4476,52.5352],[5.4545,52.5514],[5.4974,52.5544],[5.5587,52.5923],[5.5729,52.5962],[5.5874,52.5635],[5.5914,52.5],[5.6059,52.4845],[5.5654,52.4703],[5.5864,52.4477],[5.5666,52.4359],[5.5891,52.4112],[5.578,52.41],[5.5327,52.3845],[5.4386,52.4426],[5.3508,52.4002],[5.2758,52.4233],[5.2584,52.4354],[5.3948,52.4908],[5.4346,52.5112],[5.4406,52.5178],[5.4367,52.5171],[5.4341,52.5264],[5.4271,52.5274],[5.425,52.5208],[5.4227,52.5273],[5.4272,52.538],[5.4435,52.5595],[5.4674,52.5693],[5.4555,52.5936],[5.399,52.6488],[5.3526,52.6774],[5.3055,52.6899],[5.2932,52.6813],[5.2814,52.6844],[5.2924,52.6851],[5.2966,52.6898],[5.2874,52.6912],[5.3021,52.6916]]]]},"properties":{}},{"type":"Feature","geometry":{"type":"MultiPolygon","coordinates":[[[[6.0768,51.5248],[6.1071,51.5218],[6.1066,51.5183],[6.122,51.5102],[6.1269,51.5144],[6.132,51.5115],[6.1411,51.5195],[6.1666,51.5079],[6.1671,51.4858],[6.1776,51.4738],[6.1786,51.4658],[6.1543,51.4401],[6.1584,51.4227],[6.1496,51.4112],[6.153,51.3959],[6.1408,51.3949],[6.1353,51.4161],[6.1246,51.4148],[6.1162,51.4213],[6.0818,51.4206],[6.0777,51.4202],[6.0731,51.3957],[6.0069,51.38],[5.9579,51.378],[5.9313,51.3848],[5.875,51.4466],[6.0302,51.4798],[6.0495,51.4904],[6.0684,51.4879],[6.0738,51.4952],[6.0646,51.5161],[6.0668,51.5237],[6.0768,51.5248]]]]},"properties":{}},{"type":"Feature","geometry":{"type":"MultiPolygon","coordinates":[[[[6.4815,51.9739],[6.5246,51.9678],[6.5328,51.9624],[6.5198,51.9556],[6.5172,51.948],[6.5048,51.946],[6.4887,51.9127],[6.4724,51.9074],[6.4842,51.879],[6.4718,51.869],[6.4644,51.8553],[6.4511,51.8652],[6.4324,51.8594],[6.4274,51.8659],[6.3906,51.874],[6.388,51.8619],[6.409,51.8533],[6.4024,51.8445],[6.4075,51.8281],[6.4018,51.8273],[6.3822,51.8348],[6.3633,51.8352],[6.3603,51.8458],[6.3452,51.851],[6.3062,51.8491],[6.2992,51.8684],[6.3293,51.8712],[6.3272,51.8736],[6.3316,51.8748],[6.3243,51.889],[6.3323,51.8933],[6.3068,51.9045],[6.308,51.9114],[6.3161,51.9127],[6.3158,51.9183],[6.2911,51.9224],[6.2965,51.9364],[6.3086,51.9398],[6.3312,51.9262],[6.3608,51.923],[6.3813,51.9333],[6.4161,51.9726],[6.4475,51.9697],[6.4679,51.9782],[6.4815,51.9739]]]]},"properties":{}},{"type":"Feature","geometry":{"type":"MultiPolygon","coordinates":[[[[4.5305,52.2327],[4.5584,52.2188],[4.5543,52.2123],[4.5617,52.2036],[4.5572,52.1977],[4.5468,52.199],[4.5382,52.1801],[4.5035,52.1846],[4.4914,52.181],[4.488,52.191],[4.4933,52.1949],[4.4914,52.2037],[4.4635,52.2002],[4.4556,52.207],[4.4704,52.2198],[4.4661,52.225],[4.5135,52.255],[4.5266,52.2473],[4.5241,52.2444],[4.5301,52.2412],[4.5249,52.2356],[4.5305,52.2327]]]]},"properties":{}},{"type":"Feature","geometry":{"type":"MultiPolygon","coordinates":[[[[5.2912,52.0864],[5.3204,52.0703],[5.3326,52.0788],[5.3323,52.0842],[5.4059,52.0752],[5.3995,52.0692],[5.4019,52.0643],[5.4224,52.073],[5.4355,52.0729],[5.4365,52.0616],[5.4283,52.0563],[5.4352,52.0479],[5.4486,52.0432],[5.4539,52.0498],[5.4611,52.0473],[5.4914,52.0573],[5.5157,52.0542],[5.5164,52.0478],[5.5293,52.0402],[5.4942,51.9949],[5.4909,51.9966],[5.4846,51.9878],[5.4803,51.9911],[5.4777,51.9835],[5.4362,51.9853],[5.391,51.9707],[5.3942,51.9759],[5.3876,51.9763],[5.3784,51.9861],[5.3994,51.9879],[5.4153,51.9967],[5.3989,52.0029],[5.3816,52.0021],[5.3443,52.0202],[5.3146,52.027],[5.2912,52.0084],[5.2717,52.0146],[5.2632,52.0244],[5.2709,52.0274],[5.2495,52.041],[5.2515,52.0533],[5.2474,52.0586],[5.2912,52.0864]]]]},"properties":{}},{"type":"Feature","geometry":{"type":"MultiPolygon","coordinates":[[[[6.6214,52.0656],[6.6369,52.0643],[6.6314,52.0605],[6.6365,52.0566],[6.6468,52.0654],[6.659,52.063],[6.6638,52.0577],[6.6618,52.0516],[6.688,52.0444],[6.6836,52.0282],[6.6558,52.0136],[6.6527,51.9975],[6.6571,51.9776],[6.6389,51.9625],[6.6287,51.9673],[6.5594,51.9744],[6.5273,51.966],[6.4669,51.9786],[6.4758,51.9881],[6.4601,51.9952],[6.4675,52.0008],[6.4603,52.0062],[6.4656,52.0077],[6.4592,52.0187],[6.4801,52.0329],[6.4996,52.0358],[6.5087,52.0443],[6.5391,52.0252],[6.5715,52.031],[6.6055,52.0519],[6.6063,52.0652],[6.6214,52.0656]]]]},"properties":{}},{"type":"Feature","geometry":{"type":"MultiPolygon","coordinates":[[[[4.9508,52.6729],[4.9792,52.6797],[4.983,52.6751],[5.0024,52.6749],[5.0034,52.6705],[5.0213,52.6644],[5.0348,52.6666],[5.0381,52.649],[5.0149,52.635],[5.0197,52.6125],[5.0067,52.6105],[5.0049,52.5976],[4.9498,52.5953],[4.9493,52.5995],[4.9593,52.6047],[4.9509,52.6141],[4.9289,52.6052],[4.922,52.6115],[4.884,52.6131],[4.888,52.6274],[4.8734,52.6344],[4.8767,52.6405],[4.8627,52.653],[4.8794,52.6801],[4.8763,52.6863],[4.8999,52.6976],[4.9159,52.6993],[4.9173,52.693],[4.9056,52.6864],[4.9508,52.6729]]]]},"properties":{}},{"type":"Feature","geometry":{"type":"MultiPolygon","coordinates":[[[[4.565,52.0586],[4.5635,52.0358],[4.5463,51.9915],[4.5519,51.9747],[4.5186,51.9603],[4.4689,51.9805],[4.4604,51.9691],[4.4467,51.9628],[4.4244,51.9796],[4.4472,51.9924],[4.4528,51.9972],[4.4498,52.0005],[4.4587,52.0022],[4.4554,52.0064],[4.4616,52.0127],[4.4572,52.0222],[4.4774,52.0318],[4.5047,52.0319],[4.5343,52.0494],[4.5451,52.0489],[4.5578,52.0617],[4.565,52.0586]]]]},"properties":{}},{"type":"Feature","geometry":{"type":"MultiPolygon","coordinates":[[[[5.8867,51.3148],[5.9547,51.3003],[6.0083,51.2775],[6.011,51.2716],[6.0058,51.2623],[6.0091,51.2508],[6.0053,51.2378],[5.9513,51.2012],[5.9141,51.2089],[5.907,51.2055],[5.9079,51.2114],[5.8942,51.216],[5.8836,51.2134],[5.8686,51.1968],[5.8737,51.1909],[5.848,51.1791],[5.8525,51.1746],[5.8461,51.1786],[5.827,51.1706],[5.815,51.1588],[5.8049,51.1629],[5.7776,51.1513],[5.7748,51.1547],[5.7794,51.1633],[5.7702,51.1642],[5.7696,51.1691],[5.7797,51.1718],[5.773,51.1734],[5.7767,51.1785],[5.7456,51.1895],[5.7559,51.2068],[5.7492,51.2085],[5.7518,51.2136],[5.7732,51.2151],[5.7818,51.2201],[5.7918,51.2375],[5.8534,51.2445],[5.855,51.2537],[5.8467,51.2555],[5.8338,51.2749],[5.8507,51.2915],[5.8607,51.3108],[5.8778,51.3166],[5.8867,51.3148]]]]},"properties":{}},{"type":"Feature","geometry":{"type":"MultiPolygon","coordinates":[[[[5.8942,51.216],[5.9079,51.2114],[5.907,51.2055],[5.9141,51.2089],[5.9513,51.2012],[5.9255,51.1845],[5.9213,51.179],[5.9256,51.1771],[5.9172,51.1687],[5.9555,51.159],[5.9116,51.1318],[5.8978,51.136],[5.8723,51.1351],[5.8511,51.1092],[5.8335,51.0996],[5.8289,51.107],[5.8109,51.1089],[5.8098,51.1184],[5.8237,51.1288],[5.8401,51.1308],[5.8458,51.1408],[5.8556,51.1447],[5.8364,51.1537],[5.8386,51.1571],[5.8282,51.1643],[5.827,51.1706],[5.8461,51.1786],[5.8525,51.1746],[5.848,51.1791],[5.8737,51.1909],[5.8686,51.1968],[5.8783,51.2096],[5.8942,51.216]]]]},"properties":{}},{"type":"Feature","geometry":{"type":"MultiPolygon","coordinates":[[[[5.7883,51.5942],[5.8006,51.5786],[5.8202,51.5687],[5.8382,51.5664],[5.8526,51.5041],[5.7738,51.4886],[5.7235,51.4842],[5.705,51.4975],[5.7082,51.5018],[5.6841,51.5077],[5.6845,51.5178],[5.6745,51.5258],[5.6822,51.5276],[5.6669,51.5407],[5.6525,51.5697],[5.6565,51.5748],[5.6514,51.5824],[5.6994,51.5841],[5.7867,51.5982],[5.7883,51.5942]]]]},"properties":{}},{"type":"Feature","geometry":{"type":"MultiPolygon","coordinates":[[[[4.5929,51.6244],[4.6012,51.6252],[4.6139,51.608],[4.5968,51.5903],[4.5922,51.5613],[4.5335,51.5493],[4.5287,51.5555],[4.5366,51.5658],[4.5094,51.5686],[4.5002,51.5585],[4.4486,51.5657],[4.4329,51.5828],[4.4267,51.6117],[4.4378,51.6171],[4.4614,51.6144],[4.4843,51.6201],[4.5138,51.6067],[4.5491,51.6199],[4.5604,51.6288],[4.5777,51.6296],[4.5929,51.6244]]]]},"properties":{}},{"type":"Feature","geometry":{"type":"MultiPolygon","coordinates":[[[[5.6379,51.4067],[5.6389,51.3891],[5.6547,51.3539],[5.6399,51.3467],[5.6402,51.3396],[5.6367,51.3408],[5.6441,51.3335],[5.6345,51.3334],[5.6313,51.3275],[5.6053,51.3318],[5.5679,51.3211],[5.5158,51.2952],[5.4849,51.3],[5.4914,51.3142],[5.4736,51.334],[5.496,51.3465],[5.4941,51.3555],[5.5272,51.3669],[5.512,51.3838],[5.5052,51.4034],[5.5642,51.4049],[5.5987,51.4183],[5.639,51.4225],[5.6379,51.4067]]]]},"properties":{}},{"type":"Feature","geometry":{"type":"MultiPolygon","coordinates":[[[[5.6594,51.5538],[5.6822,51.5276],[5.6745,51.5258],[5.6845,51.5178],[5.683,51.5045],[5.67,51.5041],[5.6751,51.4989],[5.6564,51.5073],[5.6348,51.4949],[5.6148,51.5004],[5.6097,51.5092],[5.5799,51.4988],[5.5666,51.5017],[5.5577,51.5094],[5.5479,51.5381],[5.5331,51.5578],[5.5843,51.5627],[5.6218,51.5533],[5.6525,51.5697],[5.6594,51.5538]]]]},"properties":{}},{"type":"Feature","geometry":{"type":"MultiPolygon","coordinates":[[[[5.1708,51.4297],[5.191,51.4302],[5.1947,51.4],[5.201,51.3901],[5.1993,51.3823],[5.188,51.3745],[5.1832,51.3758],[5.1974,51.3627],[5.1919,51.3615],[5.1923,51.3507],[5.1963,51.3498],[5.1939,51.3452],[5.2047,51.3254],[5.1626,51.3103],[5.1344,51.3155],[5.1317,51.3468],[5.0712,51.3935],[5.102,51.4289],[5.1708,51.4297]]]]},"properties":{}},{"type":"Feature","geometry":{"type":"MultiPolygon","coordinates":[[[[6.1459,51.1705],[6.1754,51.1585],[6.1628,51.1527],[6.1633,51.1487],[6.126,51.1449],[6.0918,51.1349],[6.087,51.1246],[6.0811,51.1259],[6.0757,51.1191],[6.0603,51.1159],[6.0365,51.0965],[6.0139,51.1179],[6.0008,51.1141],[5.9977,51.1188],[5.9848,51.1207],[5.9721,51.1147],[5.9653,51.1184],[5.9542,51.1132],[5.9268,51.1138],[5.9144,51.1283],[5.9139,51.1332],[5.9836,51.1762],[5.989,51.1735],[5.9868,51.1694],[5.9979,51.1682],[5.9992,51.1622],[6.0135,51.1665],[6.0401,51.1605],[6.0636,51.1655],[6.0481,51.1748],[6.0571,51.1757],[6.0553,51.1844],[6.0731,51.1828],[6.0822,51.1716],[6.0997,51.1698],[6.1652,51.1944],[6.1807,51.1864],[6.1388,51.1733],[6.1459,51.1705]]]]},"properties":{}},{"type":"Feature","geometry":{"type":"MultiPolygon","coordinates":[[[[4.4447,51.5692],[4.4575,51.5615],[4.5002,51.5585],[4.4988,51.5448],[4.5232,51.5426],[4.5197,51.5254],[4.5143,51.5179],[4.5022,51.5167],[4.4903,51.487],[4.4929,51.4833],[4.4854,51.4816],[4.4867,51.4774],[4.4765,51.4783],[4.4647,51.471],[4.4426,51.4687],[4.3911,51.4515],[4.367,51.4567],[4.3616,51.4764],[4.3717,51.4791],[4.3726,51.4878],[4.3582,51.4926],[4.3516,51.4999],[4.3516,51.5177],[4.3422,51.518],[4.3428,51.5264],[4.3256,51.5296],[4.3276,51.5352],[4.3069,51.5435],[4.3163,51.5455],[4.318,51.5512],[4.3736,51.544],[4.4269,51.5524],[4.4411,51.5585],[4.4447,51.5692]]]]},"properties":{}},{"type":"Feature","geometry":{"type":"MultiPolygon","coordinates":[[[[3.934,51.7357],[3.9127,51.734],[3.9112,51.7371],[3.934,51.7357]]],[[[3.9526,51.7467],[3.9622,51.7461],[3.9486,51.74],[3.9369,51.7434],[3.9526,51.7467]]],[[[4.0157,51.7263],[4.003,51.7266],[3.9908,51.7449],[3.978,51.7526],[3.9973,51.7579],[3.9962,51.7508],[4.0028,51.7394],[4.0157,51.7263]]],[[[3.8425,51.7563],[3.8373,51.7493],[3.8406,51.7533],[3.8375,51.7553],[3.8275,51.7489],[3.8258,51.7388],[3.85,51.7375],[3.8472,51.7397],[3.8916,51.7438],[3.8911,51.7401],[3.9037,51.7377],[3.9137,51.7275],[3.9189,51.732],[3.9713,51.7336],[3.9702,51.7267],[3.9787,51.7303],[3.9825,51.7177],[4.0071,51.7031],[4.0149,51.6867],[4.0299,51.6825],[4.0442,51.6846],[4.0917,51.6671],[4.1142,51.6793],[4.1445,51.6792],[4.1555,51.6834],[4.1559,51.6756],[4.1633,51.6677],[4.1738,51.6672],[4.1619,51.6647],[4.1831,51.663],[4.1642,51.6642],[4.1622,51.6604],[4.1827,51.6609],[4.1661,51.6584],[4.1824,51.6536],[4.181,51.6494],[4.1941,51.639],[4.1849,51.6472],[4.1565,51.6538],[4.1577,51.6591],[4.1521,51.6552],[4.1378,51.6574],[4.1573,51.6606],[4.1376,51.662],[4.1431,51.6639],[4.1601,51.6646],[4.1557,51.6655],[4.1596,51.6695],[4.1499,51.6784],[4.1089,51.6738],[4.0942,51.6658],[4.1053,51.6581],[4.0966,51.6475],[4.0628,51.6292],[4.0498,51.6312],[4.0103,51.6179],[3.9681,51.6143],[3.9466,51.6249],[3.9354,51.636],[3.9283,51.6287],[3.9144,51.6292],[3.8707,51.597],[3.9142,51.6292],[3.8955,51.6333],[3.9195,51.6465],[3.9336,51.6484],[3.9188,51.6469],[3.8901,51.6314],[3.8907,51.6432],[3.8768,51.6671],[3.8574,51.6782],[3.8489,51.6762],[3.8118,51.6872],[3.8235,51.6842],[3.8256,51.6876],[3.8132,51.6973],[3.7933,51.6957],[3.7863,51.689],[3.806,51.6902],[3.782,51.6859],[3.7543,51.6754],[3.7572,51.6737],[3.7246,51.6685],[3.7232,51.656],[3.7294,51.6551],[3.7274,51.6503],[3.719,51.6503],[3.7151,51.6538],[3.7226,51.656],[3.7224,51.6632],[3.6993,51.6715],[3.6819,51.6877],[3.6817,51.7123],[3.7163,51.736],[3.7258,51.738],[3.71,51.7306],[3.737,51.7361],[3.7269,51.7373],[3.7713,51.7434],[3.8198,51.7413],[3.8271,51.7529],[3.8425,51.7563]]]]},"properties":{}},{"type":"Feature","geometry":{"type":"MultiPolygon","coordinates":[[[[6.7898,53.0863],[6.9357,52.9934],[6.839,52.9781],[6.7888,52.9628],[6.7277,52.9547],[6.7314,52.9376],[6.7247,52.9373],[6.7273,52.9138],[6.7363,52.8787],[6.7146,52.8682],[6.6865,52.8753],[6.675,52.905],[6.6667,52.9095],[6.5858,52.9195],[6.5615,52.9467],[6.5813,52.9675],[6.596,52.9727],[6.616,53.0081],[6.6298,53.0156],[6.6312,53.0261],[6.6486,53.0263],[6.6406,53.0416],[6.6434,53.047],[6.6538,53.0555],[6.6669,53.0582],[6.6645,53.0616],[6.6716,53.065],[6.6489,53.0822],[6.6704,53.0801],[6.699,53.0652],[6.7765,53.0948],[6.7898,53.0863]]]]},"properties":{}},{"type":"Feature","geometry":{"type":"MultiPolygon","coordinates":[[[[6.9484,52.9826],[7.0157,52.9248],[7.0455,52.9159],[7.0148,52.873],[6.9614,52.8643],[6.9499,52.8488],[6.869,52.8193],[6.8498,52.8046],[6.7656,52.8499],[6.7691,52.8515],[6.753,52.859],[6.7473,52.8703],[6.7375,52.8749],[6.7273,52.9138],[6.7247,52.9373],[6.7314,52.9376],[6.7277,52.9547],[6.7888,52.9628],[6.839,52.9781],[6.9357,52.9934],[6.9484,52.9826]]]]},"properties":{}},{"type":"Feature","geometry":{"type":"MultiPolygon","coordinates":[[[[6.3458,52.7884],[6.3521,52.7878],[6.3495,52.7834],[6.3555,52.7795],[6.3609,52.7832],[6.3721,52.78],[6.3779,52.7852],[6.394,52.7774],[6.4129,52.7883],[6.4204,52.7809],[6.432,52.7846],[6.4296,52.7887],[6.437,52.792],[6.4469,52.7859],[6.4462,52.7761],[6.4365,52.7704],[6.4101,52.7649],[6.4161,52.7553],[6.4263,52.7514],[6.4205,52.7482],[6.4232,52.743],[6.4154,52.7408],[6.4213,52.7314],[6.4068,52.7284],[6.4144,52.7173],[6.4056,52.7126],[6.4036,52.706],[6.4197,52.7017],[6.4511,52.707],[6.4487,52.6938],[6.486,52.6936],[6.4849,52.6842],[6.4929,52.6836],[6.4926,52.676],[6.5306,52.6725],[6.5294,52.6545],[6.5139,52.6463],[6.5185,52.6141],[6.478,52.6186],[6.47,52.625],[6.4535,52.614],[6.4422,52.6157],[6.4349,52.6193],[6.4313,52.6284],[6.4182,52.619],[6.41,52.6216],[6.3841,52.6123],[6.3765,52.6169],[6.3746,52.6285],[6.3641,52.6431],[6.3263,52.659],[6.3269,52.6692],[6.2976,52.6664],[6.2955,52.6623],[6.2791,52.6691],[6.2733,52.6649],[6.2659,52.6668],[6.2727,52.6737],[6.2698,52.6822],[6.2835,52.6825],[6.2759,52.6903],[6.285,52.6897],[6.2867,52.6991],[6.2758,52.6955],[6.2796,52.6996],[6.2743,52.7062],[6.249,52.7082],[6.2169,52.7032],[6.2163,52.7186],[6.2346,52.7406],[6.2314,52.7417],[6.252,52.7583],[6.299,52.7668],[6.293,52.7785],[6.3012,52.791],[6.3094,52.7953],[6.3537,52.7989],[6.3546,52.7952],[6.343,52.7897],[6.3458,52.7884]]]]},"properties":{}},{"type":"Feature","geometry":{"type":"MultiPolygon","coordinates":[[[[3.7795,51.5497],[3.7784,51.5486],[3.7717,51.5514],[3.7726,51.552],[3.7795,51.5497]]],[[[3.8078,51.6055],[3.8202,51.6025],[3.8389,51.6059],[3.8705,51.5971],[3.881,51.581],[3.8943,51.5746],[3.8888,51.5736],[3.8937,51.5732],[3.8996,51.5632],[3.8727,51.5552],[3.8646,51.5468],[3.871,51.5444],[3.8651,51.5415],[3.8368,51.5559],[3.8131,51.5514],[3.8108,51.5545],[3.8102,51.5506],[3.8051,51.555],[3.8101,51.5498],[3.8035,51.5478],[3.7604,51.5551],[3.7364,51.5468],[3.703,51.5261],[3.6984,51.5345],[3.7017,51.5418],[3.6885,51.5561],[3.7007,51.5664],[3.6864,51.5569],[3.6533,51.57],[3.644,51.585],[3.6457,51.589],[3.6336,51.5894],[3.6831,51.6008],[3.7193,51.5957],[3.7133,51.5943],[3.7168,51.5914],[3.7612,51.5996],[3.7745,51.5972],[3.7806,51.6019],[3.8078,51.6055]]]]},"properties":{}},{"type":"Feature","geometry":{"type":"MultiPolygon","coordinates":[[[[5.0649,52.2783],[5.1021,52.2799],[5.1192,52.2735],[5.1256,52.2602],[5.1365,52.2596],[5.1423,52.2433],[5.1418,52.2255],[5.1279,52.2244],[5.13,52.2215],[5.1225,52.2188],[5.1424,52.2087],[5.1451,52.1966],[5.1219,52.1856],[5.1241,52.1808],[5.0465,52.1659],[5.0416,52.1838],[5.0325,52.1841],[5.0371,52.1981],[5.0213,52.2019],[5.0366,52.2021],[5.0334,52.2098],[5.0367,52.2244],[5.0428,52.224],[5.0371,52.2253],[5.0416,52.2309],[5.0577,52.2353],[5.046,52.2432],[5.0419,52.2566],[5.0321,52.2546],[5.0229,52.2725],[5.0482,52.277],[5.0604,52.2851],[5.0649,52.2783]]]]},"properties":{}},{"type":"Feature","geometry":{"type":"MultiPolygon","coordinates":[[[[6.4944,53.1982],[6.5133,53.197],[6.5341,53.1705],[6.5378,53.1583],[6.5342,53.1514],[6.5401,53.1388],[6.5391,53.1326],[6.5109,53.1307],[6.5125,53.1256],[6.5009,53.1206],[6.4803,53.1208],[6.4908,53.0968],[6.5134,53.0723],[6.5116,53.0563],[6.5,53.0384],[6.5029,53.0322],[6.4955,53.0309],[6.5039,53.016],[6.51,53.017],[6.513,53.0106],[6.4133,52.9855],[6.3625,53.034],[6.3678,53.0674],[6.3053,53.0812],[6.3152,53.0941],[6.3444,53.0872],[6.3566,53.1071],[6.3636,53.1076],[6.3661,53.1226],[6.3815,53.1534],[6.4027,53.167],[6.408,53.1781],[6.438,53.1857],[6.4477,53.1964],[6.4635,53.2001],[6.4857,53.2038],[6.4944,53.1982]]]]},"properties":{}},{"type":"Feature","geometry":{"type":"MultiPolygon","coordinates":[[[[6.6734,52.4935],[6.7177,52.4781],[6.6976,52.4516],[6.6733,52.4414],[6.6779,52.428],[6.6699,52.4172],[6.6986,52.3937],[6.6844,52.3909],[6.676,52.3957],[6.6719,52.3889],[6.6518,52.3987],[6.6476,52.3955],[6.6402,52.3991],[6.6148,52.3864],[6.6095,52.3895],[6.5989,52.3837],[6.5725,52.4233],[6.5981,52.439],[6.5964,52.4548],[6.5634,52.4458],[6.543,52.4512],[6.5284,52.4407],[6.5109,52.4372],[6.4753,52.441],[6.4485,52.4603],[6.4475,52.4653],[6.4524,52.4645],[6.453,52.4712],[6.4643,52.4747],[6.5038,52.4817],[6.5055,52.491],[6.601,52.4795],[6.613,52.4656],[6.6268,52.4738],[6.6496,52.4731],[6.6475,52.4786],[6.6546,52.4827],[6.6537,52.4878],[6.6734,52.4935]]]]},"properties":{}},{"type":"Feature","geometry":{"type":"MultiPolygon","coordinates":[[[[6.303,52.925],[6.3333,52.9064],[6.369,52.922],[6.3856,52.9155],[6.3596,52.8945],[6.3733,52.8903],[6.3666,52.8817],[6.3687,52.877],[6.3726,52.8759],[6.3721,52.8813],[6.3814,52.8896],[6.42,52.8823],[6.4202,52.8779],[6.4308,52.8719],[6.4343,52.857],[6.4292,52.8565],[6.4309,52.8504],[6.4607,52.8531],[6.4627,52.8387],[6.48,52.8369],[6.4593,52.8152],[6.4469,52.7859],[6.437,52.792],[6.4296,52.7887],[6.432,52.7846],[6.4204,52.7809],[6.4129,52.7883],[6.394,52.7774],[6.3779,52.7852],[6.3721,52.78],[6.3609,52.7832],[6.3555,52.7795],[6.3495,52.7834],[6.3521,52.7878],[6.343,52.7897],[6.3546,52.7952],[6.3537,52.7989],[6.3094,52.7953],[6.293,52.7785],[6.299,52.7668],[6.252,52.7583],[6.2314,52.7417],[6.2186,52.7483],[6.2018,52.7293],[6.1729,52.7731],[6.2017,52.7937],[6.1772,52.8139],[6.1492,52.8284],[6.1198,52.8542],[6.2069,52.8907],[6.2323,52.9134],[6.2566,52.9276],[6.303,52.925]]]]},"properties":{}},{"type":"Feature","geometry":{"type":"MultiPolygon","coordinates":[[[[5.9403,51.956],[5.9552,51.9488],[5.9723,51.9307],[5.9686,51.9282],[5.9871,51.9133],[6.0218,51.8963],[6.0306,51.8802],[6.0463,51.8709],[6.0169,51.881],[6.0021,51.8803],[5.9777,51.8572],[5.9662,51.8544],[5.9236,51.8746],[5.8827,51.8661],[5.8715,51.8887],[5.8576,51.8884],[5.8569,51.897],[5.8747,51.8976],[5.8737,51.9085],[5.8912,51.9073],[5.897,51.9208],[5.8895,51.9253],[5.9019,51.9335],[5.9113,51.9473],[5.9295,51.9507],[5.9318,51.9595],[5.9403,51.956]]]]},"properties":{}},{"type":"Feature","geometry":{"type":"MultiPolygon","coordinates":[[[[5.6595,51.3431],[5.672,51.3237],[5.6721,51.3151],[5.626,51.2736],[5.6188,51.2294],[5.5604,51.2223],[5.5549,51.2445],[5.5562,51.2666],[5.5287,51.2818],[5.5158,51.2952],[5.5679,51.3211],[5.6024,51.331],[5.6313,51.3275],[5.6345,51.3334],[5.6441,51.3335],[5.6367,51.3408],[5.6402,51.3396],[5.6399,51.3467],[5.6475,51.3521],[5.6547,51.3539],[5.6595,51.3431]]]]},"properties":{}},{"type":"Feature","geometry":{"type":"MultiPolygon","coordinates":[[[[6.1368,52.8389],[6.2017,52.7937],[6.1685,52.7671],[6.1216,52.7542],[6.1204,52.7502],[6.159,52.6922],[6.1223,52.6684],[6.0999,52.6608],[6.0974,52.6646],[6.0865,52.6634],[6.0211,52.6414],[6.0063,52.6516],[5.9669,52.6666],[5.9331,52.6713],[5.9447,52.6827],[5.9621,52.6904],[5.9648,52.6981],[5.9426,52.715],[5.9218,52.7512],[5.8621,52.781],[5.8188,52.7847],[5.7952,52.8065],[5.8197,52.8173],[5.8334,52.8118],[5.8361,52.806],[5.857,52.8072],[5.8796,52.8012],[5.9242,52.8236],[5.9231,52.831],[5.9301,52.8314],[5.9267,52.8333],[5.9302,52.835],[5.9462,52.8374],[5.9558,52.8332],[5.9587,52.8398],[5.97,52.8424],[5.9865,52.8217],[5.9965,52.8166],[6.0246,52.8225],[6.0312,52.815],[6.06,52.8261],[6.0526,52.8373],[6.081,52.8387],[6.1198,52.8542],[6.1368,52.8389]]]]},"properties":{}},{"type":"Feature","geometry":{"type":"MultiPolygon","coordinates":[[[[4.596,51.7011],[4.5431,51.6938],[4.6005,51.7027],[4.596,51.7011]]],[[[4.6451,51.7191],[4.6669,51.6865],[4.6811,51.6878],[4.6928,51.6817],[4.6973,51.6877],[4.7099,51.6733],[4.685,51.6663],[4.6968,51.6546],[4.6892,51.6524],[4.6991,51.6381],[4.6785,51.6326],[4.6439,51.6324],[4.6292,51.624],[4.6113,51.6285],[4.5961,51.6241],[4.5777,51.6296],[4.5604,51.6288],[4.5491,51.6199],[4.5138,51.6067],[4.4843,51.6201],[4.4614,51.6144],[4.4378,51.6171],[4.4239,51.6303],[4.4091,51.6327],[4.3729,51.6569],[4.3878,51.6688],[4.3922,51.6801],[4.4072,51.6879],[4.3897,51.6816],[4.4016,51.6889],[4.4017,51.6927],[4.392,51.6909],[4.4036,51.6987],[4.4029,51.6946],[4.4078,51.6987],[4.4037,51.6921],[4.4295,51.7008],[4.4104,51.6925],[4.4367,51.6976],[4.4902,51.683],[4.5262,51.6858],[4.5264,51.6803],[4.5302,51.6861],[4.5265,51.6865],[4.6017,51.6969],[4.6387,51.7124],[4.6364,51.7174],[4.6473,51.7129],[4.6451,51.7191]]]]},"properties":{}},{"type":"Feature","geometry":{"type":"MultiPolygon","coordinates":[[[[5.8983,51.1348],[5.9139,51.1332],[5.9268,51.1138],[5.9542,51.1132],[5.9653,51.1184],[5.9721,51.1147],[5.9848,51.1207],[5.9977,51.1188],[6.0008,51.1141],[6.0139,51.1179],[6.0365,51.0965],[6.0176,51.0946],[5.9802,51.0722],[5.97,51.0605],[5.9678,51.0448],[5.9582,51.0411],[5.9576,51.0347],[5.9381,51.0351],[5.9132,51.0669],[5.892,51.0531],[5.8664,51.0511],[5.878,51.0376],[5.877,51.032],[5.8567,51.0285],[5.8491,51.0365],[5.8527,51.0381],[5.8486,51.0463],[5.8273,51.0476],[5.824,51.0725],[5.8069,51.0576],[5.7993,51.0601],[5.7966,51.0718],[5.8049,51.0779],[5.796,51.0915],[5.8097,51.0963],[5.829,51.0944],[5.8511,51.1092],[5.8723,51.1351],[5.8983,51.1348]]]]},"properties":{}},{"type":"Feature","geometry":{"type":"MultiPolygon","coordinates":[[[[3.5194,51.4075],[3.551,51.406],[3.5471,51.4016],[3.5533,51.4047],[3.5526,51.4014],[3.5679,51.4006],[3.5628,51.3961],[3.5744,51.3957],[3.5682,51.3992],[3.5848,51.3879],[3.6158,51.3805],[3.6874,51.3713],[3.6931,51.3653],[3.6938,51.3525],[3.6878,51.3556],[3.6472,51.35],[3.6496,51.3427],[3.6442,51.3417],[3.6533,51.3318],[3.658,51.3334],[3.6662,51.3198],[3.6863,51.3216],[3.7124,51.3158],[3.7036,51.3099],[3.7071,51.3066],[3.7066,51.2888],[3.6939,51.276],[3.6581,51.2902],[3.6408,51.2881],[3.6212,51.2928],[3.5899,51.3058],[3.5811,51.2983],[3.5879,51.293],[3.5818,51.2869],[3.5627,51.2959],[3.5557,51.2898],[3.5434,51.2912],[3.538,51.2837],[3.5291,51.2887],[3.5154,51.2872],[3.5276,51.246],[3.4504,51.2416],[3.4275,51.2447],[3.4244,51.2545],[3.4171,51.2598],[3.4074,51.257],[3.3879,51.2733],[3.3758,51.2771],[3.3817,51.2816],[3.3808,51.287],[3.3661,51.2983],[3.3781,51.3027],[3.3584,51.315],[3.3853,51.3343],[3.3741,51.3485],[3.3701,51.3725],[3.3819,51.3805],[3.4307,51.3915],[3.4401,51.3885],[3.5194,51.4075]]]]},"properties":{}},{"type":"Feature","geometry":{"type":"MultiPolygon","coordinates":[[[[4.7824,51.7666],[4.7854,51.7559],[4.8513,51.7562],[4.8469,51.7255],[4.8369,51.7126],[4.8236,51.7113],[4.8424,51.6797],[4.7811,51.6639],[4.7965,51.6412],[4.7696,51.6295],[4.7385,51.6428],[4.6991,51.6381],[4.6892,51.6524],[4.6968,51.6546],[4.685,51.6663],[4.7099,51.6733],[4.6973,51.6877],[4.6928,51.6817],[4.6811,51.6878],[4.6669,51.6865],[4.6451,51.7191],[4.6763,51.7249],[4.6773,51.7201],[4.6986,51.722],[4.7337,51.7365],[4.7507,51.7523],[4.7824,51.7666]]]]},"properties":{}},{"type":"Feature","geometry":{"type":"MultiPolygon","coordinates":[[[[5.5433,51.7385],[5.5809,51.7314],[5.6001,51.7085],[5.5954,51.7075],[5.6006,51.6966],[5.5968,51.6909],[5.573,51.6781],[5.5622,51.6632],[5.5689,51.6596],[5.5703,51.6514],[5.542,51.6403],[5.5422,51.6345],[5.5244,51.6304],[5.5049,51.6361],[5.4972,51.6267],[5.4659,51.6429],[5.4234,51.6538],[5.4326,51.6642],[5.445,51.6643],[5.4588,51.692],[5.4698,51.6891],[5.4783,51.7014],[5.4991,51.7071],[5.4977,51.7117],[5.4848,51.7133],[5.4742,51.729],[5.5077,51.7378],[5.5433,51.7385]]]]},"properties":{}},{"type":"Feature","geometry":{"type":"MultiPolygon","coordinates":[[[[4.8643,51.552],[4.8349,51.5386],[4.8368,51.5328],[4.8298,51.5279],[4.8424,51.5268],[4.8447,51.5333],[4.8662,51.5381],[4.9111,51.5101],[4.9566,51.5187],[4.9626,51.5259],[4.9776,51.5217],[4.9846,51.5179],[4.9825,51.5141],[4.9923,51.5122],[4.9867,51.4953],[4.9946,51.4977],[4.9925,51.4939],[5.0004,51.4919],[4.988,51.483],[4.9992,51.482],[5.0083,51.4733],[5.0165,51.4754],[5.008,51.4667],[5.0105,51.4582],[4.9767,51.4613],[4.9416,51.4571],[4.8913,51.4782],[4.8254,51.4821],[4.8152,51.4948],[4.7862,51.4988],[4.7739,51.5051],[4.76,51.5024],[4.747,51.5155],[4.8308,51.5504],[4.863,51.5573],[4.8643,51.552]]]]},"properties":{}},{"type":"Feature","geometry":{"type":"MultiPolygon","coordinates":[[[[5.4135,51.3839],[5.4256,51.3792],[5.4189,51.3718],[5.4252,51.3454],[5.4212,51.3384],[5.4339,51.3243],[5.4258,51.312],[5.4129,51.3205],[5.3977,51.3143],[5.3927,51.294],[5.3972,51.2906],[5.3878,51.2852],[5.4174,51.2623],[5.3461,51.2758],[5.3426,51.2658],[5.3365,51.2631],[5.2962,51.2615],[5.2631,51.2668],[5.2379,51.2614],[5.226,51.2683],[5.244,51.3094],[5.2594,51.3115],[5.2634,51.3193],[5.2922,51.3182],[5.3167,51.3235],[5.324,51.3329],[5.3471,51.3375],[5.342,51.3442],[5.3468,51.3475],[5.3426,51.3527],[5.3483,51.3596],[5.3782,51.3694],[5.3965,51.3808],[5.4084,51.3798],[5.4135,51.3839]]]]},"properties":{}},{"type":"Feature","geometry":{"type":"MultiPolygon","coordinates":[[[[5.2092,51.4365],[5.2237,51.4251],[5.2377,51.4286],[5.2814,51.405],[5.303,51.4075],[5.3136,51.3994],[5.3109,51.3907],[5.2894,51.3889],[5.2798,51.3753],[5.2753,51.3627],[5.286,51.3363],[5.2594,51.3115],[5.2411,51.3057],[5.2003,51.3227],[5.2047,51.3254],[5.1939,51.3452],[5.1963,51.3498],[5.1923,51.3507],[5.1919,51.3615],[5.1974,51.3627],[5.1832,51.3758],[5.188,51.3745],[5.1993,51.3823],[5.201,51.3901],[5.1947,51.4],[5.191,51.4302],[5.2092,51.4365]]]]},"properties":{}},{"type":"Feature","geometry":{"type":"MultiPolygon","coordinates":[[[[5.9291,50.843],[5.9332,50.8397],[5.9548,50.8459],[5.9595,50.8282],[5.9835,50.8097],[5.9767,50.8034],[5.9434,50.7938],[5.9433,50.7731],[5.9219,50.7734],[5.9251,50.7637],[5.9358,50.757],[5.9162,50.7504],[5.9137,50.7557],[5.901,50.7515],[5.8897,50.7563],[5.8862,50.77],[5.8635,50.7635],[5.8489,50.7534],[5.8442,50.7746],[5.8353,50.7817],[5.8359,50.7867],[5.8224,50.7954],[5.8195,50.8053],[5.8392,50.8076],[5.8532,50.8208],[5.8641,50.8233],[5.8595,50.8337],[5.874,50.8379],[5.8756,50.8471],[5.888,50.847],[5.8912,50.8427],[5.925,50.8488],[5.9291,50.843]]]]},"properties":{}},{"type":"Feature","geometry":{"type":"MultiPolygon","coordinates":[[[[6.5409,53.1799],[6.5482,53.1811],[6.5637,53.1576],[6.5815,53.1635],[6.5878,53.1459],[6.6005,53.1443],[6.6144,53.1356],[6.6306,53.1194],[6.6281,53.1159],[6.6358,53.1134],[6.6348,53.1062],[6.6946,53.1211],[6.7375,53.1195],[6.7765,53.0948],[6.699,53.0652],[6.6704,53.0801],[6.6489,53.0822],[6.6716,53.065],[6.6645,53.0616],[6.6669,53.0582],[6.6538,53.0555],[6.6434,53.047],[6.6406,53.0416],[6.6486,53.0263],[6.6035,53.033],[6.6081,53.0484],[6.6012,53.0618],[6.5758,53.0592],[6.5751,53.0546],[6.5704,53.0549],[6.5697,53.0599],[6.5552,53.0586],[6.5473,53.0351],[6.5337,53.0382],[6.5243,53.046],[6.5051,53.0464],[6.5145,53.0651],[6.5134,53.0723],[6.4908,53.0968],[6.4803,53.1208],[6.5009,53.1206],[6.5125,53.1256],[6.5109,53.1307],[6.5391,53.1326],[6.5342,53.1514],[6.5367,53.1644],[6.512,53.1962],[6.5305,53.1956],[6.5342,53.1841],[6.5409,53.1799]]]]},"properties":{}},{"type":"Feature","geometry":{"type":"MultiPolygon","coordinates":[[[[6.4917,52.9956],[6.499,52.9902],[6.4855,52.973],[6.4957,52.969],[6.4876,52.9612],[6.4938,52.9587],[6.4839,52.9502],[6.4931,52.948],[6.497,52.9516],[6.5359,52.9326],[6.543,52.9553],[6.5651,52.945],[6.5858,52.9195],[6.6667,52.9095],[6.675,52.905],[6.6865,52.8753],[6.7219,52.8663],[6.7199,52.8615],[6.7284,52.8538],[6.7041,52.847],[6.7076,52.8364],[6.6911,52.826],[6.6916,52.8098],[6.6812,52.8077],[6.6751,52.7971],[6.6609,52.8012],[6.5875,52.7357],[6.5576,52.7454],[6.5663,52.7656],[6.5354,52.7681],[6.5128,52.7621],[6.5079,52.7688],[6.4908,52.7709],[6.4962,52.7862],[6.4918,52.7931],[6.4555,52.8006],[6.4593,52.8152],[6.48,52.8369],[6.4627,52.8387],[6.4607,52.8531],[6.4309,52.8504],[6.4292,52.8565],[6.4343,52.857],[6.4308,52.8719],[6.4202,52.8779],[6.42,52.8823],[6.3814,52.8896],[6.3721,52.8813],[6.3726,52.8759],[6.3666,52.8817],[6.3733,52.8903],[6.3596,52.8945],[6.3856,52.9137],[6.369,52.922],[6.3934,52.9328],[6.4276,52.9718],[6.4133,52.9855],[6.4882,53.0054],[6.4917,52.9956]]]]},"properties":{}},{"type":"Feature","geometry":{"type":"MultiPolygon","coordinates":[[[[5.8293,51.9608],[5.8299,51.9452],[5.898,51.9343],[5.8895,51.9253],[5.897,51.9208],[5.8912,51.9073],[5.8737,51.9085],[5.8747,51.8976],[5.8302,51.8937],[5.8378,51.8834],[5.8342,51.8756],[5.8171,51.8703],[5.7067,51.8933],[5.7112,51.8967],[5.7064,51.8979],[5.7061,51.908],[5.6922,51.9184],[5.6963,51.9208],[5.6769,51.921],[5.6783,51.9286],[5.6963,51.9313],[5.693,51.9347],[5.6604,51.9296],[5.6596,51.9371],[5.6677,51.9389],[5.6658,51.9413],[5.6463,51.9411],[5.6504,51.9475],[5.6766,51.9576],[5.7416,51.9701],[5.7825,51.9592],[5.8353,51.9736],[5.836,51.9662],[5.8293,51.9608]]]]},"properties":{}},{"type":"Feature","geometry":{"type":"MultiPolygon","coordinates":[[[[6.7429,52.2831],[6.753,52.2524],[6.7243,52.2527],[6.7196,52.2486],[6.7215,52.2392],[6.7171,52.241],[6.7121,52.226],[6.702,52.2168],[6.7124,52.2063],[6.6975,52.1962],[6.6721,52.1982],[6.6245,52.1889],[6.6473,52.1769],[6.6403,52.1674],[6.6258,52.1725],[6.6121,52.1632],[6.6029,52.1691],[6.6063,52.1731],[6.59,52.1825],[6.5553,52.1773],[6.5176,52.1813],[6.4958,52.1771],[6.479,52.1826],[6.47,52.1927],[6.4703,52.1994],[6.4561,52.2017],[6.4164,52.2395],[6.4297,52.2517],[6.4771,52.2719],[6.5173,52.283],[6.554,52.2833],[6.5741,52.2693],[6.6054,52.2707],[6.6261,52.29],[6.6575,52.2949],[6.6909,52.3084],[6.712,52.3037],[6.7429,52.2831]]]]},"properties":{}},{"type":"Feature","geometry":{"type":"MultiPolygon","coordinates":[[[[5.6538,51.9539],[5.666,51.9528],[5.6504,51.9475],[5.6463,51.9411],[5.6658,51.9413],[5.6677,51.9389],[5.6596,51.9371],[5.6604,51.9296],[5.693,51.9347],[5.6963,51.9313],[5.6783,51.9286],[5.6769,51.921],[5.6963,51.9208],[5.6922,51.9184],[5.7061,51.908],[5.7064,51.8979],[5.7112,51.8967],[5.7067,51.8933],[5.5716,51.9017],[5.509,51.8898],[5.4639,51.889],[5.4555,51.9028],[5.4725,51.9081],[5.4722,51.9117],[5.4672,51.9148],[5.4697,51.9199],[5.4534,51.9228],[5.4765,51.9209],[5.4909,51.9247],[5.4864,51.9189],[5.5054,51.9239],[5.5477,51.9216],[5.5518,51.9178],[5.5568,51.9192],[5.5541,51.934],[5.5398,51.9371],[5.5339,51.9435],[5.5733,51.942],[5.5866,51.9508],[5.6362,51.9367],[5.6496,51.95],[5.6443,51.9523],[5.6538,51.9539]]]]},"properties":{}},{"type":"Feature","geometry":{"type":"MultiPolygon","coordinates":[[[[6.4951,52.3239],[6.5247,52.3256],[6.5362,52.3156],[6.5451,52.3184],[6.5523,52.3034],[6.55,52.2878],[6.554,52.2833],[6.5173,52.283],[6.4867,52.2749],[6.4297,52.2517],[6.4164,52.2422],[6.3834,52.244],[6.3765,52.2513],[6.3772,52.2587],[6.3288,52.2811],[6.3265,52.3016],[6.356,52.3182],[6.4219,52.3257],[6.4609,52.3201],[6.4682,52.3265],[6.4951,52.3239]]]]},"properties":{}},{"type":"Feature","geometry":{"type":"MultiPolygon","coordinates":[[[[5.5847,51.4605],[5.6145,51.449],[5.6565,51.4566],[5.6533,51.4466],[5.6441,51.4409],[5.639,51.4225],[5.5987,51.4183],[5.5642,51.4049],[5.5258,51.4047],[5.5252,51.4279],[5.5662,51.4415],[5.5847,51.4605]]]]},"properties":{}},{"type":"Feature","geometry":{"type":"MultiPolygon","coordinates":[[[[6.1613,52.4495],[6.1775,52.4313],[6.1911,52.4327],[6.1966,52.4271],[6.231,52.4235],[6.2221,52.4084],[6.2309,52.3982],[6.2299,52.39],[6.2185,52.3853],[6.204,52.3869],[6.2076,52.3839],[6.2016,52.3835],[6.2013,52.3714],[6.1895,52.3757],[6.1885,52.3709],[6.1969,52.3521],[6.223,52.3472],[6.2357,52.3399],[6.2319,52.3356],[6.2354,52.3198],[6.2056,52.3209],[6.1995,52.316],[6.1816,52.3149],[6.1822,52.3089],[6.1186,52.2989],[6.0841,52.3017],[6.0797,52.3176],[6.0661,52.3203],[6.0756,52.3333],[6.0761,52.3506],[6.0948,52.3569],[6.0809,52.362],[6.0782,52.369],[6.1209,52.3795],[6.1306,52.4],[6.1108,52.4078],[6.1195,52.4329],[6.1096,52.4405],[6.1371,52.4408],[6.1477,52.4444],[6.1549,52.4532],[6.1613,52.4495]]]]},"properties":{}},{"type":"Feature","geometry":{"type":"MultiPolygon","coordinates":[[[[7.0051,52.4454],[7.0108,52.4291],[7.022,52.423],[7.0349,52.4036],[7.0587,52.3994],[7.0722,52.3728],[7.0078,52.3638],[6.9709,52.3798],[6.9627,52.3634],[6.9703,52.3488],[6.9528,52.3404],[6.9536,52.334],[6.9319,52.3328],[6.931,52.3295],[6.9006,52.3335],[6.8947,52.325],[6.8799,52.319],[6.877,52.3123],[6.8614,52.3064],[6.8598,52.2987],[6.8945,52.2935],[6.9121,52.2855],[6.8832,52.2832],[6.8765,52.2747],[6.8683,52.273],[6.8405,52.2763],[6.8524,52.2852],[6.8464,52.2914],[6.8205,52.2985],[6.8233,52.3088],[6.7738,52.3189],[6.759,52.3321],[6.7606,52.3419],[6.774,52.3466],[6.7834,52.3601],[6.8177,52.3651],[6.8557,52.3603],[6.8636,52.3637],[6.8623,52.4078],[6.8515,52.4146],[6.8534,52.4271],[6.8969,52.4328],[6.9492,52.4329],[6.9473,52.4366],[6.9618,52.4436],[6.9775,52.4657],[6.9876,52.4698],[7.0051,52.4454]]]]},"properties":{}},{"type":"Feature","geometry":{"type":"MultiPolygon","coordinates":[[[[4.1875,52.0521],[4.1963,52.0557],[4.2123,52.0308],[4.2351,52.0393],[4.2482,52.0252],[4.2727,52.0359],[4.2943,52.0194],[4.2897,52.0176],[4.3076,52.0182],[4.3098,52.0156],[4.2652,51.9958],[4.3027,51.9797],[4.2851,51.9699],[4.2732,51.9736],[4.2765,51.9651],[4.234,51.9533],[4.2403,51.9429],[4.2318,51.9429],[4.2283,51.948],[4.2195,51.9414],[4.1924,51.9548],[4.1867,51.9627],[4.1906,51.966],[4.1473,51.9814],[4.151,51.9876],[4.1253,52.0016],[4.1682,52.034],[4.1876,52.0564],[4.1875,52.0521]]]]},"properties":{}},{"type":"Feature","geometry":{"type":"MultiPolygon","coordinates":[[[[4.3194,52.02],[4.3261,52.0125],[4.3206,52.0093],[4.3232,52.0043],[4.3327,52.0079],[4.3411,52.0028],[4.3241,51.9899],[4.3382,51.9742],[4.3566,51.9773],[4.3595,51.9701],[4.3692,51.9689],[4.3938,51.9775],[4.4029,51.9663],[4.3635,51.9609],[4.3671,51.9552],[4.3229,51.9427],[4.2926,51.9212],[4.2614,51.9268],[4.2341,51.9497],[4.234,51.9533],[4.2765,51.9651],[4.2732,51.9736],[4.2851,51.9699],[4.3027,51.9797],[4.2652,51.9958],[4.3194,52.02]]]]},"properties":{}},{"type":"Feature","geometry":{"type":"MultiPolygon","coordinates":[[[[6.5961,52.1798],[6.6121,52.1632],[6.6258,52.1725],[6.6403,52.1674],[6.645,52.1742],[6.6713,52.1657],[6.6744,52.1428],[6.663,52.13],[6.7163,52.1183],[6.7606,52.1188],[6.7563,52.0969],[6.7448,52.0931],[6.7511,52.0855],[6.7355,52.0746],[6.6947,52.0698],[6.6959,52.0643],[6.6868,52.0555],[6.688,52.0444],[6.6618,52.0516],[6.6638,52.0577],[6.659,52.063],[6.6468,52.0654],[6.6365,52.0566],[6.6314,52.0605],[6.6369,52.0643],[6.6131,52.068],[6.6063,52.0652],[6.6055,52.0519],[6.5962,52.0428],[6.5715,52.031],[6.5391,52.0252],[6.5087,52.0443],[6.4996,52.0358],[6.4801,52.0329],[6.4649,52.0206],[6.4385,52.025],[6.4316,52.0393],[6.4154,52.0508],[6.4019,52.0872],[6.414,52.0887],[6.4449,52.1062],[6.4667,52.1066],[6.4785,52.1007],[6.4921,52.124],[6.4812,52.1425],[6.471,52.144],[6.4614,52.1521],[6.4838,52.1572],[6.4928,52.1694],[6.4924,52.1774],[6.5132,52.1812],[6.5553,52.1773],[6.59,52.1825],[6.5961,52.1798]]]]},"properties":{}},{"type":"Feature","geometry":{"type":"MultiPolygon","coordinates":[[[[6.362,52.1267],[6.3691,52.124],[6.3958,52.1308],[6.3918,52.1237],[6.3984,52.1176],[6.3915,52.1131],[6.424,52.0969],[6.4005,52.0838],[6.4154,52.0508],[6.4316,52.0393],[6.44,52.0271],[6.4372,52.0256],[6.4622,52.0217],[6.4592,52.0187],[6.4656,52.0077],[6.4603,52.0062],[6.4675,52.0008],[6.4601,51.9952],[6.4758,51.9881],[6.4667,51.9771],[6.4475,51.9697],[6.4161,51.9726],[6.4025,51.9822],[6.3809,51.9777],[6.3883,51.9763],[6.3904,51.9683],[6.3684,51.9685],[6.3653,51.9696],[6.3699,51.9762],[6.3275,51.9757],[6.3357,51.9856],[6.3191,51.9943],[6.2957,51.9885],[6.2919,51.9933],[6.2705,51.9834],[6.2507,51.9873],[6.2479,51.9841],[6.2573,51.9825],[6.2498,51.976],[6.2348,51.9826],[6.2321,51.9884],[6.2224,51.9841],[6.2317,51.9808],[6.2298,51.9762],[6.1606,51.9795],[6.1599,51.9978],[6.1643,51.999],[6.154,52.0033],[6.1645,52.0169],[6.1773,52.0203],[6.1732,52.0278],[6.177,52.0315],[6.1755,52.0394],[6.1591,52.0374],[6.1482,52.0417],[6.128,52.034],[6.1109,52.0416],[6.1158,52.0487],[6.1678,52.0759],[6.1757,52.0903],[6.2105,52.0925],[6.2179,52.0979],[6.2217,52.0888],[6.2222,52.1067],[6.2339,52.1131],[6.2697,52.1116],[6.2775,52.1217],[6.3283,52.1377],[6.3577,52.1355],[6.362,52.1267]]]]},"properties":{}},{"type":"Feature","geometry":{"type":"MultiPolygon","coordinates":[[[[5.8237,51.0667],[5.8273,51.0476],[5.8486,51.0463],[5.8526,51.0293],[5.877,51.032],[5.8787,51.0182],[5.9055,51.0022],[5.9036,50.9871],[5.8928,50.9802],[5.8971,50.9749],[5.8779,50.9638],[5.8522,50.968],[5.8433,50.9635],[5.8386,50.9466],[5.8125,50.9548],[5.8021,50.9474],[5.7934,50.9519],[5.7882,50.9481],[5.7822,50.9858],[5.7892,51.0012],[5.7748,51.0042],[5.7872,51.0192],[5.7734,51.019],[5.7755,51.0251],[5.758,51.0337],[5.7708,51.0492],[5.7747,51.063],[5.8069,51.0576],[5.8196,51.0726],[5.824,51.0725],[5.8237,51.0667]]]]},"properties":{}},{"type":"Feature","geometry":{"type":"MultiPolygon","coordinates":[[[[4.7242,52.2324],[4.7233,52.2164],[4.7296,52.2103],[4.7238,52.2114],[4.7208,52.2013],[4.7076,52.2049],[4.6953,52.1892],[4.6889,52.1919],[4.6798,52.1627],[4.5727,52.1522],[4.5616,52.1608],[4.5624,52.1661],[4.5503,52.163],[4.5382,52.1801],[4.5468,52.199],[4.5572,52.1977],[4.5617,52.2036],[4.5543,52.2123],[4.5584,52.2188],[4.6184,52.2145],[4.6703,52.2308],[4.6767,52.2259],[4.7044,52.2338],[4.7242,52.2324]]]]},"properties":{}},{"type":"Feature","geometry":{"type":"MultiPolygon","coordinates":[[[[6.0323,53.3255],[6.0778,53.3221],[6.0698,53.2969],[6.0737,53.2924],[6.0544,53.2908],[6.044,53.2435],[5.956,53.2281],[5.9425,53.2505],[5.9258,53.2524],[5.8822,53.2768],[5.9066,53.2878],[5.8969,53.3015],[5.9223,53.3126],[5.9639,53.3229],[5.9722,53.3211],[5.9708,53.3133],[5.9759,53.3069],[6.0202,53.3082],[6.0224,53.324],[6.0323,53.3255]]]]},"properties":{}},{"type":"Feature","geometry":{"type":"MultiPolygon","coordinates":[[[[4.6247,52.0147],[4.6368,52.0117],[4.6628,52.024],[4.6678,52.0215],[4.6648,52.0145],[4.6707,52.0111],[4.6595,52.0053],[4.6887,51.9963],[4.6679,51.9789],[4.6308,51.9682],[4.646,51.9542],[4.6397,51.9511],[4.6334,51.9369],[4.6195,51.9335],[4.584,51.9654],[4.6018,51.9721],[4.5937,51.9761],[4.5988,51.988],[4.5944,51.9943],[4.5789,51.9899],[4.5789,51.9811],[4.5702,51.979],[4.5735,51.9746],[4.579,51.9758],[4.5744,51.9729],[4.5566,51.9685],[4.5477,51.9728],[4.5538,51.977],[4.5463,51.9915],[4.5549,52.0059],[4.5659,52.0592],[4.6081,52.0654],[4.6055,52.0504],[4.6102,52.0463],[4.5911,52.0351],[4.6247,52.0147]]]]},"properties":{}},{"type":"Feature","geometry":{"type":"MultiPolygon","coordinates":[[[[6.0731,51.3957],[6.0901,51.3891],[6.0776,51.3782],[6.0908,51.3715],[6.0996,51.3571],[6.1233,51.3434],[6.1167,51.3391],[6.1174,51.327],[6.0923,51.3013],[6.0668,51.2889],[6.0494,51.2871],[6.0263,51.2669],[6.0096,51.2658],[6.0083,51.2775],[5.9547,51.3003],[5.9076,51.3132],[5.9099,51.3079],[5.8521,51.3207],[5.8321,51.338],[5.8402,51.3469],[5.8735,51.3531],[5.9313,51.3848],[5.9579,51.378],[5.9898,51.3782],[6.0731,51.3957]]]]},"properties":{}},{"type":"Feature","geometry":{"type":"MultiPolygon","coordinates":[[[[7.2097,53.2396],[7.2051,53.2394],[7.2089,53.2431],[7.2097,53.2396]]],[[[7.0132,53.2668],[7.0126,53.2606],[7.0218,53.2532],[7.0403,53.2598],[7.0675,53.2424],[7.0932,53.2571],[7.2057,53.2363],[7.2081,53.2317],[7.2098,53.2394],[7.2176,53.1978],[7.2082,53.1887],[7.2275,53.1803],[7.2037,53.1766],[7.1892,53.1549],[7.177,53.1526],[7.174,53.1479],[7.1453,53.1608],[7.1401,53.1546],[7.1072,53.1444],[7.0803,53.1436],[7.0512,53.1302],[7.0337,53.116],[6.9797,53.1192],[6.9653,53.1108],[6.9504,53.1589],[6.9438,53.159],[6.9423,53.1664],[6.9037,53.1665],[6.9122,53.172],[6.9076,53.1729],[6.9125,53.1756],[6.9158,53.1883],[6.9251,53.1942],[6.9168,53.1956],[6.9247,53.2051],[6.9206,53.2075],[6.929,53.2131],[6.92,53.2273],[6.9127,53.2251],[6.9086,53.234],[6.9113,53.243],[6.9286,53.2371],[6.9376,53.2443],[6.945,53.2436],[6.9522,53.2565],[7.0132,53.2668]]]]},"properties":{}},{"type":"Feature","geometry":{"type":"MultiPolygon","coordinates":[[[[6.1199,52.6649],[6.1038,52.6561],[6.1041,52.6469],[6.0959,52.6309],[6.1067,52.6215],[6.1053,52.6034],[6.1241,52.5941],[6.1314,52.5812],[6.1551,52.5827],[6.1668,52.5653],[6.1405,52.5521],[6.1098,52.5611],[6.1101,52.5674],[6.1037,52.5674],[6.0894,52.5518],[6.0702,52.5582],[6.0632,52.5673],[6.0335,52.559],[6.0129,52.5861],[5.9829,52.5775],[5.9726,52.5915],[5.9913,52.6144],[5.9872,52.6269],[6.0129,52.6397],[6.0203,52.6379],[6.0181,52.6439],[6.0549,52.6502],[6.0865,52.6634],[6.0974,52.6646],[6.0999,52.6608],[6.1075,52.6656],[6.1199,52.6649]]]]},"properties":{}},{"type":"Feature","geometry":{"type":"MultiPolygon","coordinates":[[[[5.373,53.0723],[5.386,53.0691],[5.3955,53.0554],[5.3753,53.056],[5.3641,53.0751],[5.373,53.0723]]],[[[5.4214,53.1538],[5.4683,53.1433],[5.4785,53.1453],[5.4871,53.141],[5.4812,53.1386],[5.4843,53.137],[5.4925,53.142],[5.505,53.1347],[5.5129,53.1386],[5.5116,53.1458],[5.5312,53.1479],[5.5542,53.1329],[5.5599,53.1346],[5.5652,53.1296],[5.584,53.1339],[5.5963,53.126],[5.6222,53.1382],[5.6262,53.132],[5.6219,53.1269],[5.643,53.1229],[5.6464,53.1164],[5.6565,53.1124],[5.686,53.1299],[5.6956,53.1268],[5.6939,53.1229],[5.7006,53.1158],[5.7515,53.1259],[5.7574,53.1127],[5.7882,53.0966],[5.7714,53.0891],[5.7726,53.0818],[5.7643,53.0803],[5.7736,53.0741],[5.7751,53.0666],[5.7618,53.0608],[5.7707,53.0474],[5.7554,53.0468],[5.7367,53.0302],[5.7332,53.0154],[5.7489,53.0078],[5.7161,52.9952],[5.7065,52.9845],[5.6919,52.9886],[5.6881,52.9849],[5.6893,52.933],[5.6425,52.9362],[5.64,52.9225],[5.5943,52.9154],[5.5645,52.9474],[5.5118,52.927],[5.4771,52.9026],[5.4938,52.8898],[5.4897,52.886],[5.5018,52.88],[5.4955,52.8738],[5.4771,52.8688],[5.4725,52.873],[5.4262,52.8733],[5.4334,52.8701],[5.441,52.8509],[5.4261,52.8481],[5.3651,52.8728],[5.3537,52.886],[5.3613,52.8876],[5.3521,52.8864],[5.3714,52.8994],[5.4068,52.9101],[5.4093,52.9215],[5.3959,52.943],[5.4091,52.9479],[5.4081,52.9596],[5.4045,52.9598],[5.4322,52.971],[5.4218,52.9663],[5.4175,52.9689],[5.4195,52.9652],[5.4113,52.9613],[5.3995,52.99],[5.3968,53.0028],[5.4069,53.0114],[5.4084,53.0185],[5.3977,53.0234],[5.3961,53.0286],[5.4029,53.0316],[5.4011,53.0377],[5.4068,53.0331],[5.4046,53.0472],[5.3987,53.0325],[5.3943,53.0321],[5.3841,53.045],[5.3742,53.0443],[5.3802,53.0479],[5.3761,53.0548],[5.4038,53.0517],[5.3926,53.0632],[5.3794,53.0917],[5.3381,53.0727],[5.3398,53.065],[5.3351,53.0737],[5.3404,53.0634],[5.3312,53.0733],[5.2971,53.0672],[5.2072,53.0171],[5.1659,52.9999],[5.2932,53.0666],[5.3236,53.0728],[5.323,53.0791],[5.327,53.0796],[5.3237,53.0788],[5.3274,53.073],[5.3329,53.0803],[5.3349,53.0742],[5.3485,53.0777],[5.3779,53.0949],[5.3824,53.1046],[5.379,53.1081],[5.4009,53.1175],[5.4116,53.1519],[5.4214,53.1538]]]]},"properties":{}},{"type":"Feature","geometry":{"type":"MultiPolygon","coordinates":[[[[4.7921,52.1223],[4.8253,52.1072],[4.8263,52.0746],[4.834,52.0727],[4.8298,52.0668],[4.8732,52.0687],[4.8295,52.0498],[4.8172,52.0369],[4.8067,52.0332],[4.8099,52.0268],[4.7662,52.0132],[4.751,52.0139],[4.7437,52.0226],[4.7199,52.0265],[4.7163,52.0382],[4.6773,52.044],[4.6798,52.0521],[4.669,52.0523],[4.66,52.0641],[4.6772,52.0655],[4.682,52.0591],[4.6853,52.0694],[4.6944,52.0678],[4.6968,52.074],[4.713,52.0769],[4.7155,52.0812],[4.7047,52.0952],[4.7921,52.1223]]]]},"properties":{}},{"type":"Feature","geometry":{"type":"MultiPolygon","coordinates":[[[[5.769,50.853],[5.8016,50.8499],[5.8078,50.8415],[5.8212,50.8388],[5.8236,50.8304],[5.8363,50.83],[5.8361,50.836],[5.8595,50.8337],[5.8641,50.8233],[5.8532,50.8208],[5.8392,50.8076],[5.8195,50.8053],[5.8224,50.7954],[5.8359,50.7867],[5.8353,50.7817],[5.8442,50.7746],[5.845,50.7654],[5.8307,50.7585],[5.8073,50.7562],[5.7932,50.7702],[5.7845,50.7672],[5.7774,50.783],[5.7736,50.7832],[5.7471,50.7705],[5.7392,50.7571],[5.7304,50.7574],[5.7203,50.7647],[5.6994,50.7554],[5.6821,50.7575],[5.6987,50.7796],[5.6938,50.8104],[5.7169,50.8038],[5.7173,50.8145],[5.7449,50.8229],[5.7467,50.8359],[5.7406,50.8392],[5.7549,50.8418],[5.7573,50.8553],[5.769,50.853]]]]},"properties":{}},{"type":"Feature","geometry":{"type":"MultiPolygon","coordinates":[[[[5.0634,52.2871],[5.0659,52.2805],[5.0604,52.2851],[5.0482,52.277],[5.0229,52.2725],[5.0321,52.2546],[5.0419,52.2566],[5.046,52.2432],[5.0577,52.2353],[5.0416,52.2309],[5.0371,52.2253],[5.0428,52.224],[5.0367,52.2244],[5.0334,52.2098],[5.0366,52.2021],[5.0213,52.2019],[5.0371,52.1981],[5.0325,52.1841],[5.0416,52.1838],[5.0465,52.1659],[5.1153,52.1798],[5.1188,52.1724],[5.0949,52.1553],[5.1205,52.1455],[5.1034,52.1298],[5.0872,52.1357],[5.0612,52.1226],[5.0476,52.13],[5.0335,52.1168],[5.0121,52.1297],[5.0031,52.1421],[4.9739,52.1297],[4.9701,52.1224],[4.961,52.1334],[4.9439,52.1275],[4.9236,52.1473],[4.9118,52.1443],[4.9096,52.1619],[4.9286,52.1672],[4.934,52.1769],[4.9486,52.1858],[4.9509,52.1986],[4.9666,52.2001],[4.9737,52.2206],[4.9829,52.2224],[4.9804,52.2268],[4.9947,52.2325],[5.0075,52.2317],[5.0219,52.2827],[5.0305,52.2885],[5.0428,52.2825],[5.0504,52.2879],[5.0634,52.2871]]]]},"properties":{}},{"type":"Feature","geometry":{"type":"MultiPolygon","coordinates":[[[[5.0547,52.9403],[5.0441,52.9353],[5.0492,52.9297],[5.0389,52.9313],[5.0379,52.9215],[5.0486,52.9241],[5.1109,52.8549],[5.1078,52.8533],[5.1139,52.8458],[5.1041,52.7745],[5.0697,52.7681],[5.0569,52.7575],[5.0399,52.7524],[4.9444,52.7537],[4.9328,52.7489],[4.9314,52.742],[4.8987,52.7068],[4.8777,52.712],[4.8581,52.7233],[4.8477,52.7203],[4.8497,52.7257],[4.8442,52.7323],[4.8085,52.7667],[4.807,52.7702],[4.8208,52.7696],[4.8198,52.7741],[4.829,52.7753],[4.8346,52.8078],[4.8099,52.8363],[4.7826,52.8514],[4.7589,52.8487],[4.7709,52.8786],[4.7949,52.9126],[4.8067,52.9127],[4.8749,52.8883],[4.9087,52.8942],[4.9351,52.9035],[4.9685,52.9303],[5.021,52.9349],[5.0257,52.9374],[5.0246,52.9427],[5.035,52.9412],[5.0291,52.9409],[5.0411,52.9343],[5.0395,52.9379],[5.048,52.9376],[5.1668,52.9993],[5.0547,52.9403]]]]},"properties":{}},{"type":"Feature","geometry":{"type":"MultiPolygon","coordinates":[[[[4.4668,52.129],[4.4729,52.1237],[4.4708,52.1177],[4.4904,52.0979],[4.493,52.0878],[4.4743,52.0853],[4.4757,52.0813],[4.4568,52.0788],[4.4208,52.0626],[4.4039,52.0778],[4.3887,52.073],[4.3844,52.0762],[4.356,52.0616],[4.3608,52.0585],[4.3573,52.0563],[4.3422,52.0611],[4.3555,52.068],[4.3352,52.075],[4.3731,52.0921],[4.4012,52.1119],[4.4279,52.1015],[4.4668,52.129]]]]},"properties":{}},{"type":"Feature","geometry":{"type":"MultiPolygon","coordinates":[[[[4.3462,51.7045],[4.3371,51.7039],[4.3361,51.7047],[4.34,51.7056],[4.3462,51.7045]]],[[[4.3679,51.7067],[4.3626,51.7069],[4.3664,51.7098],[4.3679,51.7067]]],[[[3.885,51.7599],[3.8851,51.7584],[3.8818,51.7575],[3.8822,51.757],[3.8795,51.7568],[3.8774,51.7587],[3.878,51.7593],[3.8804,51.7589],[3.8817,51.7599],[3.8838,51.7603],[3.885,51.7599]]],[[[3.9562,51.778],[3.9657,51.7744],[3.9418,51.7766],[3.9046,51.7711],[3.9343,51.7899],[3.9562,51.778]]],[[[4.1485,51.7988],[4.1474,51.7986],[4.1427,51.7991],[4.1406,51.8005],[4.1449,51.8017],[4.1489,51.8013],[4.1475,51.7996],[4.1485,51.7988]]],[[[3.968,51.7981],[3.957,51.7998],[3.9656,51.802],[3.968,51.7981]]],[[[4.0149,51.8405],[4.0137,51.8365],[4.0267,51.8293],[4.0318,51.831],[4.0285,51.8273],[4.036,51.8236],[4.0333,51.8296],[4.0486,51.8321],[4.045,51.8291],[4.0467,51.8217],[4.0387,51.8212],[4.0437,51.8171],[4.0545,51.821],[4.0634,51.8134],[4.129,51.7918],[4.1263,51.7894],[4.1934,51.7745],[4.2447,51.744],[4.2434,51.7402],[4.2466,51.7417],[4.2628,51.7275],[4.2817,51.721],[4.2805,51.7182],[4.2986,51.7168],[4.3294,51.7026],[4.3837,51.7021],[4.398,51.7114],[4.4036,51.6987],[4.3945,51.6938],[4.3914,51.6971],[4.3634,51.695],[4.368,51.6853],[4.3645,51.6778],[4.3571,51.6712],[4.3293,51.6629],[4.2806,51.6545],[4.2325,51.6614],[4.2202,51.6738],[4.1891,51.683],[4.1684,51.6834],[4.1642,51.6872],[4.1573,51.6825],[4.1625,51.6878],[4.1552,51.6966],[4.1227,51.7064],[4.0507,51.7117],[4.0506,51.7176],[4.0332,51.7384],[4.0348,51.7438],[4.0224,51.7433],[4.0172,51.7562],[4.0273,51.7577],[4.0192,51.7609],[4.0229,51.769],[4.0184,51.7705],[4.0203,51.7793],[4.0044,51.7912],[4.0035,51.797],[3.9891,51.8025],[3.9494,51.8034],[3.9351,51.7973],[3.8907,51.7921],[3.8957,51.7849],[3.8822,51.7791],[3.8695,51.7812],[3.8554,51.7579],[3.8632,51.7609],[3.8743,51.7549],[3.8711,51.7508],[3.8392,51.7582],[3.8644,51.7781],[3.8547,51.8053],[3.8693,51.8196],[4.0002,51.8493],[4.0123,51.8493],[4.0083,51.8427],[4.0149,51.8405]]]]},"properties":{}},{"type":"Feature","geometry":{"type":"MultiPolygon","coordinates":[[[[4.3944,52.0541],[4.4506,52.0492],[4.4576,52.0386],[4.4707,52.0405],[4.4767,52.0316],[4.4572,52.0222],[4.4616,52.0127],[4.4554,52.0064],[4.4587,52.0022],[4.4498,52.0005],[4.4528,51.9972],[4.4472,51.9924],[4.4244,51.9796],[4.4279,51.9765],[4.4079,51.9682],[4.397,51.979],[4.3859,52.0048],[4.3945,52.0113],[4.3797,52.0267],[4.3939,52.0331],[4.3727,52.0409],[4.3944,52.0541]]]]},"properties":{}},{"type":"Feature","geometry":{"type":"MultiPolygon","coordinates":[[[[4.3463,51.8533],[4.3721,51.8433],[4.4142,51.8428],[4.4325,51.837],[4.4223,51.8302],[4.3966,51.831],[4.3691,51.817],[4.3371,51.8164],[4.2958,51.8021],[4.2686,51.8048],[4.2466,51.7853],[4.2399,51.7854],[4.2217,51.7963],[4.1942,51.8043],[4.2124,51.814],[4.213,51.8206],[4.2222,51.8265],[4.2071,51.8356],[4.1971,51.8349],[4.1985,51.8434],[4.1927,51.8434],[4.1981,51.85],[4.1853,51.8497],[4.2394,51.873],[4.265,51.8648],[4.3355,51.8643],[4.3463,51.8533]],[[4.2204,51.8259],[4.2201,51.8261],[4.2198,51.8259],[4.2201,51.8257],[4.2204,51.8259]]]]},"properties":{}},{"type":"Feature","geometry":{"type":"MultiPolygon","coordinates":[[[[4.8083,52.0141],[4.8472,52.018],[4.8571,52.006],[4.8178,51.9998],[4.8455,51.9752],[4.8604,51.968],[4.8778,51.938],[4.8372,51.9404],[4.8113,51.9246],[4.7672,51.9159],[4.7158,51.8959],[4.6734,51.8902],[4.6196,51.8895],[4.5763,51.903],[4.643,51.9126],[4.6177,51.931],[4.6334,51.9369],[4.6397,51.9511],[4.646,51.9542],[4.6327,51.9702],[4.6679,51.9789],[4.6887,51.9963],[4.7276,52.0016],[4.7228,52.0055],[4.7283,52.0073],[4.7573,52.0014],[4.7509,52.0141],[4.7759,52.0141],[4.7987,52.0223],[4.8034,52.0141],[4.8083,52.0141]]]]},"properties":{}},{"type":"Feature","geometry":{"type":"MultiPolygon","coordinates":[[[[5.8003,53.0479],[5.8576,53.017],[5.8661,52.9998],[5.8873,52.9815],[5.8672,52.9786],[5.871,52.9644],[5.8876,52.967],[5.891,52.9617],[5.8974,52.9631],[5.9378,52.9117],[5.9112,52.8978],[5.886,52.8942],[5.8684,52.8803],[5.8439,52.8549],[5.84,52.843],[5.8257,52.8302],[5.8278,52.8277],[5.819,52.8231],[5.8197,52.8173],[5.7898,52.8037],[5.7844,52.8175],[5.7488,52.8397],[5.7247,52.844],[5.7287,52.8334],[5.7127,52.841],[5.7088,52.8385],[5.7153,52.8433],[5.7079,52.8381],[5.7026,52.8436],[5.7061,52.8408],[5.7033,52.8378],[5.698,52.8442],[5.6852,52.8459],[5.6682,52.8446],[5.6694,52.841],[5.6576,52.8437],[5.6539,52.8472],[5.6572,52.854],[5.6446,52.8604],[5.6185,52.851],[5.5853,52.8494],[5.5731,52.8362],[5.5449,52.8331],[5.4729,52.8517],[5.4537,52.8547],[5.441,52.8509],[5.4334,52.8701],[5.4262,52.8733],[5.4725,52.873],[5.4771,52.8688],[5.4955,52.8738],[5.5018,52.88],[5.4897,52.886],[5.4938,52.8898],[5.4771,52.9026],[5.5118,52.927],[5.5645,52.9474],[5.5943,52.9154],[5.64,52.9225],[5.6425,52.9362],[5.6893,52.933],[5.6874,52.9821],[5.6907,52.9882],[5.7065,52.9845],[5.7161,52.9952],[5.7489,53.0078],[5.7332,53.0154],[5.7367,53.0302],[5.7554,53.0468],[5.7739,53.0459],[5.7964,53.0588],[5.8003,53.0479]]]]},"properties":{}},{"type":"Feature","geometry":{"type":"MultiPolygon","coordinates":[[[[5.04,52.335],[5.0377,52.3346],[5.0372,52.3374],[5.0363,52.3378],[5.0328,52.3381],[5.0328,52.3383],[5.0346,52.3383],[5.0389,52.3376],[5.042,52.3365],[5.04,52.335]]],[[[5.0936,52.3388],[5.1105,52.3301],[5.1383,52.3259],[5.1514,52.3123],[5.1436,52.3109],[5.149,52.308],[5.1542,52.3086],[5.1524,52.3119],[5.1736,52.304],[5.2285,52.3113],[5.2301,52.3029],[5.2141,52.2985],[5.1978,52.3003],[5.1959,52.2951],[5.1871,52.2926],[5.1954,52.2886],[5.1945,52.2809],[5.1847,52.278],[5.2016,52.2679],[5.1621,52.2558],[5.1618,52.2599],[5.1376,52.2596],[5.1439,52.2743],[5.1046,52.2854],[5.0985,52.2916],[5.1077,52.2973],[5.0968,52.3004],[5.1006,52.3103],[5.0931,52.3142],[5.0647,52.322],[5.0583,52.3163],[5.0615,52.3237],[5.029,52.3308],[5.0173,52.3302],[5.0167,52.323],[5.0128,52.3302],[5.0275,52.3377],[5.0321,52.3335],[5.0686,52.3372],[5.0697,52.3305],[5.0698,52.3371],[5.0774,52.3398],[5.0936,52.3388]]],[[[5.1069,52.3456],[5.1098,52.3437],[5.1003,52.3472],[5.1069,52.3456]]],[[[5.0811,52.3455],[5.0796,52.3445],[5.0808,52.3457],[5.0868,52.3467],[5.0883,52.3474],[5.0884,52.3473],[5.0869,52.3466],[5.0811,52.3455]]],[[[5.07,52.3642],[5.0693,52.3641],[5.068,52.3643],[5.0677,52.3652],[5.0685,52.3655],[5.0699,52.3654],[5.07,52.3642]]]]},"properties":{}},{"type":"Feature","geometry":{"type":"MultiPolygon","coordinates":[[[[6.0635,51.8655],[6.0596,51.8577],[6.0514,51.8567],[6.0553,51.8524],[6.0357,51.8426],[6.0292,51.8451],[5.9944,51.8309],[5.9629,51.8369],[5.945,51.8235],[5.9582,51.8169],[5.9481,51.8164],[5.948,51.8114],[5.9791,51.7976],[5.9744,51.7956],[5.9745,51.7851],[5.9904,51.7832],[5.9824,51.7737],[5.9921,51.7702],[5.952,51.7489],[5.952,51.7444],[5.9359,51.741],[5.9299,51.7444],[5.9333,51.7481],[5.9151,51.7525],[5.9111,51.7624],[5.888,51.783],[5.8874,51.7954],[5.8791,51.8095],[5.886,51.8125],[5.8805,51.8203],[5.9082,51.8294],[5.8959,51.8326],[5.8945,51.8406],[5.8804,51.8451],[5.8873,51.8497],[5.8874,51.8588],[5.8816,51.8591],[5.896,51.8705],[5.9333,51.8732],[5.9553,51.8569],[5.9703,51.8548],[5.9812,51.8599],[5.9926,51.8749],[6.0093,51.8816],[6.0635,51.8655]]]]},"properties":{}},{"type":"Feature","geometry":{"type":"MultiPolygon","coordinates":[[[[5.4146,51.6557],[5.4659,51.6429],[5.4972,51.6267],[5.5049,51.6361],[5.5244,51.6304],[5.5422,51.6345],[5.542,51.6403],[5.5717,51.6512],[5.5884,51.6427],[5.5875,51.6376],[5.5932,51.6335],[5.6023,51.6294],[5.6075,51.6338],[5.6234,51.6267],[5.6429,51.6062],[5.6565,51.5743],[5.6218,51.5533],[5.5843,51.5627],[5.5331,51.5578],[5.5474,51.5377],[5.525,51.5219],[5.5001,51.5214],[5.5037,51.5265],[5.4934,51.5267],[5.4871,51.5418],[5.423,51.5339],[5.4042,51.5483],[5.4052,51.562],[5.398,51.5658],[5.4038,51.5759],[5.3914,51.5762],[5.3937,51.5799],[5.3814,51.5876],[5.3896,51.5897],[5.3814,51.5962],[5.3862,51.6009],[5.3805,51.6029],[5.3949,51.6058],[5.3833,51.6316],[5.3712,51.633],[5.3714,51.6372],[5.3832,51.6385],[5.3719,51.6419],[5.3791,51.6473],[5.3962,51.6453],[5.4123,51.6503],[5.4146,51.6557]]]]},"properties":{}},{"type":"Feature","geometry":{"type":"MultiPolygon","coordinates":[[[[5.7224,53.3223],[5.7214,53.316],[5.7493,53.3136],[5.7352,53.2944],[5.7255,53.2891],[5.7201,53.2749],[5.7354,53.2647],[5.7298,53.2612],[5.736,53.2515],[5.7336,53.2485],[5.7439,53.2411],[5.7298,53.2353],[5.7381,53.2313],[5.7326,53.2303],[5.7342,53.2158],[5.7471,53.2151],[5.7347,53.2112],[5.7446,53.1978],[5.7403,53.1854],[5.7454,53.1852],[5.7378,53.1725],[5.7249,53.1661],[5.7132,53.1752],[5.6993,53.1737],[5.6859,53.1817],[5.6658,53.1753],[5.6528,53.1663],[5.6603,53.1643],[5.6569,53.1544],[5.6619,53.155],[5.6633,53.1498],[5.652,53.1487],[5.6492,53.1469],[5.6541,53.1416],[5.632,53.133],[5.6373,53.1241],[5.6219,53.1269],[5.6262,53.132],[5.6222,53.1382],[5.5963,53.126],[5.584,53.1339],[5.5652,53.1296],[5.5599,53.1346],[5.5542,53.1329],[5.5312,53.1479],[5.5116,53.1458],[5.5129,53.1386],[5.505,53.1347],[5.4925,53.142],[5.4843,53.137],[5.4812,53.1386],[5.4871,53.141],[5.4722,53.1466],[5.4867,53.165],[5.486,53.1697],[5.4964,53.1778],[5.4794,53.1767],[5.4902,53.1941],[5.4896,53.2007],[5.458,53.2001],[5.438,53.2098],[5.4827,53.2406],[5.5273,53.2573],[5.587,53.3005],[5.7174,53.3389],[5.7224,53.3223]]]]},"properties":{}},{"type":"Feature","geometry":{"type":"MultiPolygon","coordinates":[[[[7.1481,53.1595],[7.174,53.1479],[7.177,53.1526],[7.1892,53.1549],[7.1896,53.148],[7.179,53.1385],[7.1801,53.1313],[7.1859,53.1242],[7.1831,53.1217],[7.2028,53.1134],[7.1992,53.0814],[7.2129,53.0111],[7.2174,53.007],[7.2096,53.0005],[7.1815,52.9416],[7.0873,52.8499],[7.0927,52.8382],[7.0724,52.8385],[7.0762,52.85],[7.0627,52.8515],[7.0435,52.8652],[7.0403,52.8728],[7.0148,52.873],[7.0455,52.9159],[7.0278,52.9216],[7.0363,52.9293],[7.0634,52.931],[7.0647,52.9512],[7.0699,52.9532],[7.0721,53.0038],[7.1,53.0164],[7.0804,53.0298],[7.0861,53.0423],[7.068,53.0435],[7.0683,53.0508],[7.0766,53.0512],[7.0802,53.0592],[7.0769,53.0637],[7.0659,53.0673],[7.0336,53.0647],[7.0154,53.0718],[7.0426,53.1019],[7.026,53.1124],[7.0512,53.1302],[7.0803,53.1436],[7.1021,53.1432],[7.1481,53.1595]]]]},"properties":{}},{"type":"Feature","geometry":{"type":"MultiPolygon","coordinates":[[[[6.8874,53.2979],[6.8892,53.2898],[6.8956,53.2859],[6.8873,53.2792],[6.9091,53.279],[6.9121,53.2635],[6.9086,53.234],[6.9127,53.2251],[6.92,53.2273],[6.929,53.2131],[6.9206,53.2075],[6.9247,53.2051],[6.9168,53.1956],[6.9251,53.1942],[6.9158,53.1883],[6.9125,53.1756],[6.9076,53.1729],[6.9122,53.172],[6.9037,53.1665],[6.9423,53.1664],[6.9438,53.159],[6.9504,53.1589],[6.9653,53.1108],[6.9617,53.11],[6.9593,53.1202],[6.897,53.1285],[6.8741,53.1235],[6.8212,53.1288],[6.8032,53.1241],[6.8139,53.071],[6.7375,53.1195],[6.6954,53.1212],[6.6863,53.1478],[6.6887,53.1546],[6.6616,53.172],[6.6572,53.1808],[6.6395,53.186],[6.6468,53.1879],[6.6398,53.1903],[6.6669,53.202],[6.683,53.201],[6.6805,53.2117],[6.6982,53.2147],[6.7082,53.2262],[6.7071,53.2343],[6.7177,53.2419],[6.6983,53.2561],[6.8143,53.2976],[6.8252,53.2976],[6.8281,53.2911],[6.8458,53.2901],[6.8515,53.2968],[6.8874,53.2979]]]]},"properties":{}},{"type":"Feature","geometry":{"type":"MultiPolygon","coordinates":[[[[5.9663,50.9798],[5.9814,50.9832],[6.0268,50.9813],[6.013,50.9604],[5.974,50.9583],[5.9658,50.9623],[5.936,50.9463],[5.9314,50.9416],[5.9344,50.9386],[5.8982,50.9233],[5.8958,50.919],[5.9234,50.9044],[5.8904,50.8884],[5.894,50.8856],[5.8347,50.8806],[5.8366,50.8916],[5.8332,50.8922],[5.8191,50.8839],[5.8099,50.8878],[5.7998,50.8857],[5.7966,50.8977],[5.8035,50.898],[5.7966,50.9075],[5.8017,50.9141],[5.8416,50.9198],[5.8555,50.936],[5.855,50.9461],[5.8485,50.9447],[5.8399,50.9502],[5.8433,50.9635],[5.8522,50.968],[5.8735,50.9628],[5.891,50.9741],[5.9552,50.9884],[5.9663,50.9798]]]]},"properties":{}},{"type":"Feature","geometry":{"type":"MultiPolygon","coordinates":[[[[6.1482,51.9732],[6.1631,51.9553],[6.205,51.9366],[6.2031,51.9421],[6.2208,51.9446],[6.3021,51.9441],[6.3068,51.9379],[6.2965,51.9364],[6.2897,51.9255],[6.295,51.9209],[6.3158,51.9183],[6.3161,51.9127],[6.308,51.9114],[6.3068,51.9045],[6.3323,51.8933],[6.3243,51.889],[6.3316,51.8748],[6.3225,51.8687],[6.299,51.8678],[6.2723,51.8747],[6.2622,51.8682],[6.2151,51.8676],[6.1836,51.8825],[6.182,51.8858],[6.1914,51.8874],[6.1911,51.8917],[6.1629,51.9029],[6.1566,51.9112],[6.1433,51.9136],[6.143,51.9185],[6.1384,51.9155],[6.0914,51.9387],[6.0904,51.9678],[6.1088,51.9672],[6.1292,51.9782],[6.1447,51.9805],[6.1482,51.9732]]]]},"properties":{}},{"type":"Feature","geometry":{"type":"MultiPolygon","coordinates":[[[[4.9878,51.8211],[5.0004,51.8209],[5.016,51.8082],[5.0481,51.7981],[5.0699,51.7795],[5.1003,51.7872],[5.1376,51.7729],[5.1359,51.7603],[5.1427,51.7552],[5.1263,51.745],[5.1281,51.7376],[5.0536,51.7118],[5.0095,51.7128],[4.9456,51.723],[4.8731,51.72],[4.8369,51.7126],[4.8469,51.7255],[4.8513,51.7562],[4.7854,51.7559],[4.7824,51.7666],[4.7507,51.7523],[4.7337,51.7365],[4.6986,51.722],[4.6773,51.7201],[4.6763,51.7249],[4.6816,51.7284],[4.7366,51.7556],[4.7552,51.7816],[4.7735,51.7933],[4.7972,51.7998],[4.8544,51.8007],[4.8894,51.8189],[4.9186,51.8275],[4.9878,51.8211]]]]},"properties":{}},{"type":"Feature","geometry":{"type":"MultiPolygon","coordinates":[[[[5.2678,51.9328],[5.2849,51.9307],[5.2852,51.9226],[5.2737,51.9201],[5.2949,51.9001],[5.3234,51.889],[5.3152,51.8806],[5.3372,51.881],[5.339,51.874],[5.3281,51.8645],[5.3283,51.857],[5.3784,51.8634],[5.3952,51.8529],[5.4152,51.8518],[5.3658,51.808],[5.3471,51.8042],[5.3046,51.824],[5.2129,51.81],[5.1706,51.817],[5.1273,51.8152],[5.0899,51.8266],[5.0507,51.8185],[5.0264,51.8189],[5.0314,51.8411],[4.9993,51.8446],[4.994,51.8612],[5.0052,51.8579],[5.0624,51.8594],[5.0522,51.8666],[5.0554,51.873],[5.0813,51.876],[5.0904,51.8887],[5.1127,51.8878],[5.1324,51.9149],[5.15,51.9282],[5.1668,51.926],[5.1589,51.9196],[5.2077,51.9262],[5.2118,51.9196],[5.2332,51.9236],[5.2551,51.9355],[5.2678,51.9328]]]]},"properties":{}},{"type":"Feature","geometry":{"type":"MultiPolygon","coordinates":[[[[5.1727,51.9696],[5.1802,51.9674],[5.1366,51.9147],[5.117,51.8982],[5.1133,51.8883],[5.0904,51.8887],[5.0813,51.876],[5.0554,51.873],[5.0522,51.8666],[5.0636,51.8606],[5.053,51.8574],[5.0269,51.8586],[5.0218,51.8691],[5.027,51.8819],[4.9962,51.8731],[4.9995,51.8843],[4.995,51.9023],[4.9734,51.8972],[4.9737,51.9077],[4.9562,51.9156],[4.9476,51.9337],[4.9392,51.9289],[4.9321,51.9476],[4.9263,51.9509],[4.9398,51.9634],[4.9681,51.9593],[4.9981,51.9779],[5.0328,51.9697],[5.0663,51.9941],[5.103,52.003],[5.1339,51.9967],[5.1397,51.9939],[5.1497,51.9743],[5.1727,51.9696]]]]},"properties":{}},{"type":"Feature","geometry":{"type":"MultiPolygon","coordinates":[[[[4.5549,51.6969],[4.5443,51.6951],[4.5723,51.7001],[4.5549,51.6969]]],[[[4.3113,51.7471],[4.3577,51.7334],[4.3371,51.7266],[4.3109,51.7277],[4.2583,51.7486],[4.2636,51.7539],[4.3113,51.7471]]],[[[4.4501,51.8322],[4.4891,51.8354],[4.5255,51.8299],[4.5487,51.8318],[4.5696,51.8113],[4.6212,51.8008],[4.6311,51.7501],[4.6236,51.7214],[4.5304,51.7012],[4.4516,51.7179],[4.439,51.7156],[4.4075,51.7222],[4.3982,51.7113],[4.4042,51.7234],[4.3495,51.7433],[4.2487,51.7659],[4.2304,51.7804],[4.2475,51.784],[4.2686,51.8048],[4.2958,51.8021],[4.3371,51.8164],[4.3691,51.817],[4.3966,51.831],[4.4223,51.8302],[4.4325,51.837],[4.4501,51.8322]]]]},"properties":{}},{"type":"Feature","geometry":{"type":"MultiPolygon","coordinates":[[[[6.2126,53.3642],[6.2121,53.3629],[6.2096,53.3637],[6.2108,53.365],[6.2126,53.3642]]],[[[6.2096,53.3724],[6.2098,53.3704],[6.208,53.3706],[6.2067,53.3721],[6.2071,53.3726],[6.2085,53.3729],[6.2096,53.3724]]],[[[6.2071,53.3707],[6.2076,53.3635],[6.1819,53.3706],[6.1841,53.3738],[6.1903,53.3693],[6.1921,53.3749],[6.2071,53.3707]]],[[[6.189,53.3859],[6.1845,53.3839],[6.1839,53.3869],[6.1866,53.3876],[6.189,53.3859]]],[[[6.2271,53.3901],[6.2191,53.3909],[6.2312,53.3917],[6.2271,53.3901]]],[[[6.7788,53.4607],[6.7984,53.455],[6.8136,53.4632],[6.8349,53.4625],[6.8308,53.4596],[6.8347,53.4559],[6.8172,53.4574],[6.8345,53.4546],[6.8321,53.4507],[6.8129,53.4508],[6.8294,53.4482],[6.8193,53.4448],[6.8337,53.4429],[6.8554,53.4413],[6.8384,53.4469],[6.841,53.4603],[6.8676,53.4499],[6.8835,53.4408],[6.8742,53.408],[6.8437,53.4224],[6.7925,53.4036],[6.7786,53.4108],[6.697,53.3629],[6.645,53.3664],[6.6369,53.3605],[6.6257,53.361],[6.6261,53.3509],[6.5958,53.3471],[6.6054,53.3375],[6.5926,53.3357],[6.6017,53.3294],[6.6102,53.3301],[6.6199,53.3144],[6.6377,53.3146],[6.6427,53.3083],[6.6541,53.3086],[6.6259,53.2661],[6.636,53.2514],[6.6193,53.2494],[6.5863,53.2559],[6.5885,53.2625],[6.5503,53.2649],[6.5379,53.2641],[6.5393,53.2604],[6.5297,53.2582],[6.5082,53.2576],[6.5018,53.2803],[6.5044,53.2953],[6.4819,53.3169],[6.4821,53.3219],[6.4627,53.3217],[6.4573,53.3288],[6.447,53.3267],[6.4499,53.3216],[6.4413,53.3168],[6.4311,53.3282],[6.4156,53.3283],[6.4058,53.3201],[6.367,53.3216],[6.3569,53.3139],[6.3439,53.3191],[6.3268,53.3153],[6.3165,53.3194],[6.3136,53.3286],[6.2923,53.3385],[6.297,53.3371],[6.2991,53.3398],[6.2931,53.3393],[6.2969,53.3412],[6.2498,53.3493],[6.2331,53.3442],[6.2323,53.3522],[6.2574,53.3589],[6.2339,53.3602],[6.2418,53.365],[6.2377,53.3692],[6.2176,53.3641],[6.2097,53.3672],[6.2134,53.3719],[6.2337,53.3732],[6.1845,53.3785],[6.185,53.3828],[6.2017,53.3856],[6.1794,53.3946],[6.1848,53.4033],[6.1985,53.4029],[6.2167,53.39],[6.2335,53.389],[6.2364,53.3915],[6.2328,53.3955],[6.221,53.3964],[6.2092,53.4013],[6.2097,53.4051],[6.2024,53.4045],[6.2069,53.4066],[6.2007,53.4051],[6.191,53.4107],[6.2031,53.4079],[6.2123,53.4096],[6.2012,53.4111],[6.2147,53.4092],[6.2493,53.4155],[6.3092,53.393],[6.3677,53.4158],[6.5676,53.4317],[6.6399,53.4528],[6.6958,53.462],[6.746,53.466],[6.7788,53.4607]]],[[[6.4234,53.5153],[6.4163,53.5165],[6.4144,53.5241],[6.4237,53.5248],[6.4234,53.5153]]],[[[6.5947,53.5223],[6.5991,53.5205],[6.5859,53.5235],[6.5977,53.5231],[6.5947,53.5223]]],[[[6.5766,53.5421],[6.6205,53.5354],[6.5807,53.5367],[6.5699,53.542],[6.5766,53.5421]]],[[[6.505,53.5513],[6.512,53.5394],[6.5323,53.533],[6.5059,53.5376],[6.4869,53.5506],[6.4824,53.5462],[6.5095,53.534],[6.4732,53.5358],[6.4885,53.5234],[6.4789,53.514],[6.4606,53.5406],[6.481,53.5522],[6.505,53.5513]]]]},"properties":{}},{"type":"Feature","geometry":{"type":"MultiPolygon","coordinates":[[[[6.2905,53.3394],[6.2928,53.3349],[6.2922,53.3385],[6.3136,53.3286],[6.3165,53.3194],[6.3268,53.3153],[6.3439,53.3191],[6.3569,53.3139],[6.367,53.3216],[6.4058,53.3201],[6.4156,53.3283],[6.4311,53.3282],[6.4413,53.3168],[6.4499,53.3216],[6.447,53.3267],[6.4573,53.3288],[6.4627,53.3217],[6.4821,53.3219],[6.4819,53.3169],[6.5044,53.2953],[6.5018,53.2803],[6.5114,53.2541],[6.4958,53.2458],[6.4809,53.2502],[6.4635,53.2001],[6.4477,53.1964],[6.438,53.1857],[6.408,53.1781],[6.4027,53.167],[6.3815,53.1534],[6.3661,53.1226],[6.3636,53.1076],[6.3566,53.1071],[6.3444,53.0872],[6.2906,53.0998],[6.2617,53.1143],[6.2056,53.1155],[6.1752,53.1359],[6.1773,53.167],[6.1996,53.1984],[6.2192,53.2061],[6.23,53.2178],[6.2246,53.2301],[6.2146,53.2337],[6.225,53.2386],[6.218,53.2419],[6.2311,53.2451],[6.2303,53.2504],[6.2351,53.2534],[6.2322,53.2567],[6.2469,53.2683],[6.2549,53.2685],[6.2514,53.2773],[6.2543,53.2886],[6.2693,53.2903],[6.2783,53.3027],[6.294,53.3084],[6.2805,53.3126],[6.2869,53.341],[6.2905,53.3394]]]]},"properties":{}},{"type":"Feature","geometry":{"type":"MultiPolygon","coordinates":[[[[6.1756,53.3441],[6.1757,53.3438],[6.1768,53.3442],[6.1782,53.3426],[6.1775,53.342],[6.1762,53.3423],[6.1749,53.3433],[6.1744,53.3439],[6.1745,53.3451],[6.1758,53.346],[6.1767,53.3454],[6.1767,53.3445],[6.1756,53.3441]]],[[[6.1685,53.3595],[6.169,53.359],[6.1651,53.3596],[6.1662,53.3624],[6.1653,53.3648],[6.1661,53.3646],[6.1687,53.3608],[6.1685,53.3595]]],[[[6.1835,53.4127],[6.185,53.4114],[6.182,53.4121],[6.1808,53.4132],[6.1835,53.4127]]],[[[6.1835,53.4143],[6.1915,53.4111],[6.1784,53.4138],[6.159,53.4082],[6.1634,53.4085],[6.1565,53.4005],[6.1549,53.3923],[6.1611,53.3834],[6.1556,53.3826],[6.164,53.3782],[6.154,53.3774],[6.1642,53.3777],[6.1652,53.346],[6.1676,53.3487],[6.1787,53.3391],[6.1741,53.3341],[6.1782,53.3205],[6.1592,53.3169],[6.181,53.3207],[6.1753,53.3326],[6.1811,53.3385],[6.2008,53.3339],[6.1919,53.3339],[6.175,53.3498],[6.1808,53.3573],[6.1968,53.3527],[6.198,53.3402],[6.2067,53.3547],[6.2176,53.3537],[6.2214,53.3422],[6.2379,53.3351],[6.2229,53.3459],[6.2227,53.3515],[6.236,53.3414],[6.2536,53.348],[6.2869,53.341],[6.2805,53.3126],[6.294,53.3084],[6.2783,53.3027],[6.2693,53.2903],[6.2543,53.2886],[6.2514,53.2773],[6.2549,53.2685],[6.2436,53.2665],[6.2376,53.2575],[6.224,53.2572],[6.2171,53.2653],[6.1892,53.2699],[6.1856,53.2678],[6.1904,53.2634],[6.1811,53.2598],[6.1641,53.264],[6.145,53.2602],[6.1411,53.2644],[6.044,53.2435],[6.0544,53.2908],[6.0737,53.2924],[6.0698,53.2969],[6.0778,53.3221],[6.0736,53.3248],[6.0245,53.3246],[6.0202,53.3082],[5.9759,53.3069],[5.9708,53.3133],[5.9722,53.3211],[5.9557,53.3214],[5.8969,53.3015],[5.9066,53.2878],[5.8917,53.28],[5.8822,53.2768],[5.8612,53.2887],[5.8477,53.2852],[5.8386,53.275],[5.812,53.2767],[5.811,53.2808],[5.7633,53.2945],[5.7354,53.2947],[5.7493,53.3136],[5.7214,53.316],[5.7174,53.3402],[5.8854,53.3887],[5.8784,53.3956],[5.8879,53.3909],[5.9331,53.3883],[6.0156,53.4029],[6.0691,53.4073],[6.0839,53.4031],[6.0922,53.4096],[6.1391,53.4035],[6.1835,53.4143]]]]},"properties":{}},{"type":"Feature","geometry":{"type":"MultiPolygon","coordinates":[[[[4.9321,51.9476],[4.9392,51.9289],[4.9476,51.9337],[4.9562,51.9156],[4.9737,51.9077],[4.9734,51.8972],[4.995,51.9023],[4.9995,51.8843],[4.9962,51.8731],[5.027,51.8819],[5.0218,51.8691],[5.0269,51.8586],[4.994,51.8612],[4.9983,51.8549],[4.9963,51.8492],[4.9813,51.8519],[4.9833,51.8571],[4.9384,51.8636],[4.9427,51.8448],[4.8751,51.8323],[4.8479,51.8326],[4.8381,51.8607],[4.7954,51.845],[4.7428,51.841],[4.7371,51.8465],[4.7067,51.8411],[4.6833,51.8484],[4.6807,51.8596],[4.7002,51.8797],[4.6729,51.8748],[4.6421,51.8802],[4.6371,51.8763],[4.6192,51.8884],[4.7158,51.8959],[4.7672,51.9159],[4.8113,51.9246],[4.8372,51.9404],[4.8778,51.938],[4.914,51.9424],[4.9263,51.9509],[4.9321,51.9476]]]]},"properties":{}},{"type":"Feature","geometry":{"type":"MultiPolygon","coordinates":[[[[6.879,53.4052],[6.8881,53.396],[6.8853,53.3924],[6.8906,53.3889],[6.889,53.3803],[6.9021,53.3475],[6.9436,53.3273],[7.0051,53.3168],[6.9522,53.3233],[6.9343,53.3331],[6.9281,53.3277],[7.0006,53.3094],[7.0102,53.3158],[7.0103,53.3061],[7.0379,53.3047],[7.0475,53.2996],[7.0767,53.3003],[7.1,53.3079],[7.0842,53.2976],[7.0852,53.2825],[7.0782,53.2708],[7.0783,53.2666],[7.0932,53.2571],[7.0675,53.2424],[7.0403,53.2598],[7.0218,53.2532],[7.0126,53.2606],[7.0132,53.2668],[6.997,53.2671],[6.9522,53.2565],[6.945,53.2436],[6.9376,53.2443],[6.9286,53.2371],[6.9093,53.2435],[6.9091,53.279],[6.8873,53.2792],[6.8956,53.2859],[6.8866,53.2983],[6.851,53.2967],[6.8458,53.2901],[6.8281,53.2911],[6.8252,53.2976],[6.8143,53.2976],[6.7725,53.2831],[6.7691,53.2866],[6.7722,53.2919],[6.7646,53.2981],[6.7607,53.2952],[6.748,53.303],[6.7448,53.3078],[6.7479,53.3118],[6.7329,53.3114],[6.7294,53.3054],[6.709,53.3101],[6.6897,53.2975],[6.6772,53.3037],[6.6427,53.3083],[6.6377,53.3146],[6.6199,53.3144],[6.6102,53.3301],[6.6017,53.3294],[6.5926,53.3357],[6.6054,53.3375],[6.5958,53.3471],[6.6261,53.3509],[6.6257,53.361],[6.6369,53.3605],[6.6422,53.3657],[6.6791,53.367],[6.697,53.3629],[6.7786,53.4108],[6.7925,53.4036],[6.8437,53.4224],[6.879,53.4052]]]]},"properties":{}},{"type":"Feature","geometry":{"type":"MultiPolygon","coordinates":[[[[4.7927,52.7205],[4.805,52.7142],[4.8581,52.7233],[4.8777,52.712],[4.8991,52.7067],[4.8999,52.6976],[4.8763,52.6863],[4.8794,52.6801],[4.8632,52.6565],[4.8651,52.6494],[4.8767,52.6405],[4.8758,52.6352],[4.8639,52.6354],[4.8385,52.6461],[4.8302,52.6327],[4.7853,52.6381],[4.8005,52.6602],[4.7737,52.6484],[4.779,52.6765],[4.7417,52.6808],[4.7289,52.6914],[4.7696,52.6988],[4.7788,52.7314],[4.7866,52.7279],[4.7866,52.721],[4.7927,52.7205]]]]},"properties":{}},{"type":"Feature","geometry":{"type":"MultiPolygon","coordinates":[[[[5.7693,51.7523],[5.8645,51.7577],[5.8796,51.7499],[5.8854,51.7283],[5.8938,51.7221],[5.9518,51.7117],[5.9634,51.6817],[5.9649,51.6527],[6.0227,51.6189],[6.0263,51.5956],[6.0387,51.5841],[6.0379,51.5694],[6.0481,51.5585],[6.0343,51.5575],[6.0317,51.5523],[6.0043,51.5702],[5.9354,51.5536],[5.9067,51.552],[5.8915,51.5602],[5.8202,51.5687],[5.8006,51.5786],[5.7867,51.5982],[5.7586,51.5939],[5.7344,51.6776],[5.7,51.7115],[5.7131,51.7264],[5.7094,51.7286],[5.7188,51.7329],[5.7061,51.7321],[5.7079,51.7366],[5.6981,51.7385],[5.7035,51.7505],[5.6909,51.7591],[5.7112,51.775],[5.7219,51.7748],[5.7517,51.756],[5.7693,51.7523]]]]},"properties":{}},{"type":"Feature","geometry":{"type":"MultiPolygon","coordinates":[[[[5.7011,51.7554],[5.6999,51.7505],[5.7035,51.7505],[5.6981,51.7385],[5.7079,51.7366],[5.7061,51.7321],[5.7188,51.7329],[5.7094,51.7286],[5.7131,51.7264],[5.7,51.7115],[5.7344,51.6776],[5.7505,51.6227],[5.6815,51.629],[5.6266,51.6234],[5.6075,51.6338],[5.6023,51.6294],[5.5932,51.6335],[5.5875,51.6376],[5.5884,51.6427],[5.5703,51.6514],[5.5689,51.6596],[5.562,51.6608],[5.573,51.6781],[5.5869,51.6831],[5.6006,51.6966],[5.5954,51.7075],[5.6001,51.7085],[5.5775,51.7358],[5.5764,51.7449],[5.6487,51.7643],[5.6672,51.7523],[5.6747,51.768],[5.6801,51.7614],[5.7011,51.7554]]]]},"properties":{}},{"type":"Feature","geometry":{"type":"MultiPolygon","coordinates":[[[[4.2204,51.8259],[4.2201,51.8257],[4.2198,51.8259],[4.2201,51.8261],[4.2204,51.8259]]],[[[4.1077,51.9361],[4.1627,51.9267],[4.1682,51.9191],[4.2201,51.8961],[4.2394,51.873],[4.1853,51.8497],[4.1981,51.85],[4.1927,51.8434],[4.1985,51.8434],[4.1971,51.8349],[4.2071,51.8356],[4.2222,51.8265],[4.213,51.8206],[4.2124,51.814],[4.1942,51.8043],[4.1836,51.8043],[4.1586,51.8218],[4.1283,51.8192],[4.1284,51.8296],[4.1278,51.8193],[4.1212,51.8204],[4.1216,51.8269],[4.1194,51.8206],[4.1155,51.8269],[4.0942,51.829],[4.0738,51.8426],[4.0488,51.8319],[4.0663,51.8436],[4.068,51.8492],[4.0294,51.8864],[4.0309,51.8924],[4.0523,51.9091],[4.0527,51.9184],[4.0401,51.9239],[3.9935,51.9158],[4.0737,51.9336],[4.0929,51.9325],[4.102,51.9235],[4.1077,51.9361]]]]},"properties":{}}]}